Employee_ID,Name,Department,Position,Salary,Hire_Date,Performance_Score,Sick_Days_Taken,Training_Hours,Job_Satisfaction_Score,Overtime_Hours,Employee_Turnover_Risk,Work_Location,Supervisor_ID
1001,Employee_1001,IT,Coordinator,82287,2012-11-24,3,12,15,1,38,High,Hybrid,564
1002,Employee_1002,Finance,Specialist,118916,2012-09-03,2,10,80,3,4,High,Hybrid,503
1003,Employee_1003,Marketing,Executive,66984,2022-07-14,2,5,86,4,9,Low,Hybrid,528
1004,Employee_1004,Finance,Analyst,48125,2011-12-29,3,14,13,3,9,Medium,Hybrid,500
1005,Employee_1005,Finance,Executive,76059,2016-12-02,4,5,60,2,37,Low,Remote,549
1006,Employee_1006,Sales,Executive,109569,2018-08-03,3,7,70,2,26,Low,On-Site,585
1007,Employee_1007,Marketing,Coordinator,57087,2010-12-09,1,11,45,1,20,High,Hybrid,510
1008,Employee_1008,Marketing,Specialist,45704,2013-12-18,3,4,31,2,7,High,Hybrid,573
1009,Employee_1009,Marketing,Manager,100576,2016-07-07,1,13,14,3,0,Low,On-Site,558
1010,Employee_1010,Finance,Specialist,113384,2020-01-08,4,2,43,4,27,Medium,Remote,561
1011,Employee_1011,IT,Specialist,112460,2011-06-11,3,11,16,2,48,Low,Hybrid,580
1012,Employee_1012,Marketing,Executive,67208,2015-03-12,3,2,40,1,38,Low,Remote,535
1013,Employee_1013,Operations,Specialist,106024,2015-09-05,4,12,53,3,13,Medium,Remote,555
1014,Employee_1014,Finance,Analyst,79882,2011-02-10,1,5,43,1,20,Low,Remote,589
1015,Employee_1015,Sales,Executive,65923,2014-04-23,3,1,97,2,29,Low,Remote,520
1016,Employee_1016,IT,Analyst,69165,2022-08-06,1,5,4,2,20,High,Hybrid,512
1017,Employee_1017,Operations,Manager,107203,2020-03-29,3,12,26,1,48,Medium,Hybrid,508
1018,Employee_1018,Operations,Executive,44114,2021-09-14,2,5,86,3,8,High,Remote,510
1019,Employee_1019,Sales,Manager,104965,2021-07-29,3,7,77,2,16,High,Remote,574
1020,Employee_1020,IT,Executive,76321,2015-01-21,4,6,78,4,4,Medium,On-Site,569
1021,Employee_1021,Finance,Coordinator,113297,2014-01-18,4,7,42,2,30,Medium,On-Site,500
1022,Employee_1022,HR,Specialist,65426,2016-07-23,1,13,96,3,39,Low,On-Site,569
1023,Employee_1023,IT,Coordinator,57772,2012-02-11,3,8,30,2,37,High,Hybrid,576
1024,Employee_1024,Sales,Manager,43712,2011-08-02,1,5,98,1,42,Medium,On-Site,585
1025,Employee_1025,Operations,Specialist,41367,2017-12-11,1,13,16,2,18,High,Hybrid,555
1026,Employee_1026,Finance,Executive,91924,2010-07-13,2,2,91,2,35,High,Hybrid,530
1027,Employee_1027,IT,Specialist,43726,2015-07-01,2,9,82,3,49,Medium,Hybrid,585
1028,Employee_1028,HR,Analyst,67723,2013-03-31,4,2,53,1,32,Low,Hybrid,536
1029,Employee_1029,HR,Specialist,49108,2016-07-22,1,10,61,3,12,High,On-Site,546
1030,Employee_1030,Marketing,Analyst,117714,2018-03-18,4,11,86,2,13,Medium,Remote,590
1031,Employee_1031,Marketing,Specialist,75643,2014-11-28,3,0,31,4,32,Low,Remote,577
1032,Employee_1032,Sales,Analyst,71324,2013-01-15,1,10,39,2,28,High,Remote,546
1033,Employee_1033,IT,Manager,48927,2020-12-19,1,14,12,3,42,Medium,On-Site,568
1034,Employee_1034,IT,Coordinator,62443,2016-03-11,3,12,83,4,48,High,Remote,557
1035,Employee_1035,Operations,Executive,119973,2020-03-25,3,14,34,3,35,Medium,On-Site,535
1036,Employee_1036,Operations,Specialist,103449,2020-05-21,4,4,4,3,43,Medium,On-Site,531
1037,Employee_1037,Operations,Coordinator,116743,2015-04-21,4,13,72,1,9,High,On-Site,597
1038,Employee_1038,Marketing,Executive,100233,2021-12-06,3,3,28,4,30,High,Remote,563
1039,Employee_1039,IT,Executive,65537,2011-12-31,4,8,69,2,5,Medium,Remote,570
1040,Employee_1040,IT,Analyst,117576,2021-12-27,3,14,24,3,0,Low,Remote,541
1041,Employee_1041,HR,Manager,62612,2019-06-14,1,8,94,2,6,High,Hybrid,547
1042,Employee_1042,Marketing,Manager,46471,2022-03-16,1,14,21,1,26,Medium,On-Site,573
1043,Employee_1043,Finance,Coordinator,75631,2022-06-03,2,13,65,1,20,Medium,Hybrid,580
1044,Employee_1044,Marketing,Manager,71348,2015-11-11,1,4,44,4,27,Low,On-Site,529
1045,Employee_1045,Finance,Specialist,104732,2014-07-03,3,9,68,1,15,Low,Remote,520
1046,Employee_1046,HR,Manager,41177,2017-09-01,4,3,90,1,45,Low,On-Site,559
1047,Employee_1047,Sales,Coordinator,44760,2010-05-22,2,6,88,2,22,High,On-Site,512
1048,Employee_1048,IT,Manager,72779,2013-12-26,4,14,71,1,19,Medium,Hybrid,500
1049,Employee_1049,HR,Specialist,61636,2015-09-28,3,5,0,1,37,Medium,On-Site,564
1050,Employee_1050,IT,Analyst,93551,2013-08-18,1,3,83,3,24,Medium,Remote,532
1051,Employee_1051,Operations,Coordinator,51556,2013-04-28,2,12,43,1,27,Low,On-Site,537
1052,Employee_1052,Sales,Analyst,67598,2013-03-05,3,12,86,3,4,Medium,On-Site,524
1053,Employee_1053,Sales,Analyst,51563,2022-09-25,2,14,95,1,20,High,On-Site,525
1054,Employee_1054,HR,Analyst,86819,2022-04-27,2,9,74,1,17,Low,Hybrid,576
1055,Employee_1055,Sales,Executive,113770,2022-11-11,1,1,38,4,46,Low,On-Site,558
1056,Employee_1056,Finance,Executive,66966,2010-12-07,3,0,53,4,5,Low,On-Site,591
1057,Employee_1057,Sales,Analyst,99889,2020-06-25,4,3,87,3,28,Low,Hybrid,532
1058,Employee_1058,IT,Coordinator,66987,2015-05-23,2,3,74,1,18,High,Hybrid,540
1059,Employee_1059,IT,Specialist,118714,2011-12-05,2,12,28,2,32,Medium,Hybrid,529
1060,Employee_1060,IT,Specialist,98348,2022-01-31,4,0,53,4,0,High,Hybrid,556
1061,Employee_1061,IT,Manager,64596,2016-08-26,3,5,89,2,44,Medium,Remote,548
1062,Employee_1062,Finance,Coordinator,73174,2014-12-06,2,3,15,4,2,High,Remote,547
1063,Employee_1063,Marketing,Executive,104106,2022-09-23,2,0,98,4,41,Low,On-Site,571
1064,Employee_1064,Operations,Analyst,109967,2012-05-05,2,0,19,1,20,Low,Remote,548
1065,Employee_1065,HR,Manager,99182,2014-12-18,3,14,45,4,34,High,On-Site,546
1066,Employee_1066,IT,Specialist,79310,2017-11-06,3,12,66,2,40,High,Remote,555
1067,Employee_1067,Sales,Executive,96088,2019-12-22,4,0,64,4,39,Medium,Hybrid,564
1068,Employee_1068,IT,Executive,48906,2010-07-02,3,7,57,3,2,High,Hybrid,511
1069,Employee_1069,Sales,Analyst,76914,2018-07-10,3,9,52,1,24,High,Remote,568
1070,Employee_1070,Operations,Specialist,85379,2022-04-20,1,7,0,1,44,Medium,Remote,587
1071,Employee_1071,Operations,Coordinator,118612,2014-02-26,4,1,80,3,37,Medium,On-Site,505
1072,Employee_1072,Operations,Executive,77650,2013-09-18,2,10,65,3,44,Medium,On-Site,588
1073,Employee_1073,Sales,Analyst,86881,2015-12-15,3,12,28,3,19,High,On-Site,564
1074,Employee_1074,IT,Coordinator,86413,2019-12-09,2,6,83,4,43,Medium,Hybrid,524
1075,Employee_1075,Operations,Specialist,46012,2019-12-08,2,13,69,1,44,Low,Hybrid,500
1076,Employee_1076,Finance,Executive,90115,2021-03-20,1,7,7,3,33,Low,Hybrid,531
1077,Employee_1077,Sales,Coordinator,47151,2018-11-14,3,7,28,4,20,Low,Hybrid,502
1078,Employee_1078,Sales,Coordinator,97716,2020-02-09,4,10,50,3,47,High,On-Site,548
1079,Employee_1079,IT,Coordinator,76378,2010-01-19,3,9,32,2,22,Low,Hybrid,518
1080,Employee_1080,Sales,Executive,82652,2019-04-27,2,14,2,2,5,High,Hybrid,559
1081,Employee_1081,Sales,Executive,112430,2022-10-24,4,10,59,1,12,High,Hybrid,528
1082,Employee_1082,Operations,Manager,53467,2022-06-18,3,12,34,4,48,Low,Hybrid,549
1083,Employee_1083,IT,Specialist,71010,2018-03-24,2,6,68,2,22,Medium,Remote,501
1084,Employee_1084,Operations,Analyst,94691,2013-02-06,2,4,90,2,8,High,On-Site,572
1085,Employee_1085,Operations,Coordinator,104157,2019-02-22,1,0,75,4,16,Low,On-Site,555
1086,Employee_1086,IT,Manager,52289,2019-01-25,1,11,83,3,1,High,Hybrid,516
1087,Employee_1087,HR,Analyst,84976,2019-03-27,1,8,19,4,18,Medium,Remote,559
1088,Employee_1088,Operations,Manager,83596,2012-09-14,2,12,72,3,18,Medium,On-Site,535
1089,Employee_1089,Finance,Executive,63171,2019-02-04,3,6,38,2,6,Low,On-Site,560
1090,Employee_1090,Finance,Coordinator,84139,2022-08-21,1,1,3,2,41,High,Hybrid,516
1091,Employee_1091,Sales,Analyst,88713,2010-06-23,3,5,18,2,41,High,Hybrid,548
1092,Employee_1092,Finance,Analyst,69734,2020-03-30,1,1,90,1,19,High,On-Site,575
1093,Employee_1093,Sales,Analyst,112588,2018-05-11,4,14,44,1,8,High,On-Site,559
1094,Employee_1094,HR,Analyst,103646,2011-12-28,4,0,42,1,16,Low,Remote,519
1095,Employee_1095,IT,Analyst,43654,2020-04-18,1,13,12,4,26,Medium,On-Site,549
1096,Employee_1096,IT,Manager,58743,2015-02-19,2,6,12,2,46,Low,On-Site,502
1097,Employee_1097,IT,Coordinator,88368,2021-01-16,1,12,59,2,1,High,Hybrid,542
1098,Employee_1098,Finance,Executive,114172,2012-09-16,1,1,56,4,35,High,On-Site,556
1099,Employee_1099,HR,Executive,46441,2020-04-02,2,12,85,1,18,Medium,Hybrid,549
1100,Employee_1100,Finance,Executive,64611,2017-05-10,4,13,91,4,16,High,On-Site,567
1101,Employee_1101,Finance,Executive,52149,2011-02-24,3,13,51,1,4,Low,On-Site,580
1102,Employee_1102,HR,Manager,99189,2011-08-17,1,1,52,2,38,Low,On-Site,549
1103,Employee_1103,HR,Specialist,61675,2014-11-10,2,12,85,3,17,Medium,Remote,536
1104,Employee_1104,HR,Coordinator,111031,2016-09-25,1,10,42,1,6,Low,Hybrid,545
1105,Employee_1105,HR,Analyst,82668,2012-07-24,2,4,82,2,16,Low,Remote,541
1106,Employee_1106,IT,Specialist,53673,2020-06-05,3,13,71,2,38,Low,On-Site,514
1107,Employee_1107,Marketing,Executive,116666,2010-11-28,3,4,71,3,35,Low,Remote,532
1108,Employee_1108,Marketing,Specialist,105429,2019-06-12,4,6,41,2,39,High,Hybrid,579
1109,Employee_1109,HR,Coordinator,63669,2017-05-26,2,0,89,2,44,Low,On-Site,510
1110,Employee_1110,Marketing,Analyst,74068,2020-12-20,2,7,25,1,3,Medium,Remote,519
1111,Employee_1111,Marketing,Analyst,49435,2020-08-04,4,2,22,1,37,Medium,Remote,523
1112,Employee_1112,HR,Coordinator,92249,2021-07-02,4,3,42,3,24,Low,Hybrid,563
1113,Employee_1113,Marketing,Coordinator,77384,2010-07-21,2,14,76,3,4,Medium,Remote,579
1114,Employee_1114,Finance,Executive,116153,2016-11-02,4,8,27,2,29,Low,Hybrid,593
1115,Employee_1115,Sales,Analyst,115388,2015-01-17,3,3,8,1,11,Medium,On-Site,597
1116,Employee_1116,Sales,Specialist,71401,2015-02-10,1,9,19,3,3,Medium,On-Site,564
1117,Employee_1117,HR,Manager,111831,2015-06-20,3,11,55,3,23,Low,Remote,587
1118,Employee_1118,IT,Manager,74084,2012-06-28,4,14,82,4,28,Low,On-Site,587
1119,Employee_1119,HR,Coordinator,95826,2021-10-15,2,4,38,3,8,High,On-Site,572
1120,Employee_1120,IT,Executive,76451,2022-10-03,2,6,50,2,3,Low,Remote,585
1121,Employee_1121,Sales,Manager,47227,2018-09-25,3,3,11,1,23,Low,On-Site,575
1122,Employee_1122,HR,Analyst,71910,2012-02-10,2,13,78,3,13,High,Remote,516
1123,Employee_1123,Operations,Coordinator,76041,2018-08-22,4,0,94,4,4,Low,Hybrid,588
1124,Employee_1124,Finance,Specialist,105681,2016-11-06,3,8,54,1,17,Low,Hybrid,591
1125,Employee_1125,Marketing,Coordinator,105481,2017-06-07,2,3,77,3,41,High,Hybrid,560
1126,Employee_1126,IT,Specialist,108576,2022-12-08,1,8,10,4,18,Low,Remote,514
1127,Employee_1127,Operations,Coordinator,104174,2019-10-26,1,5,25,3,11,Low,Remote,593
1128,Employee_1128,Marketing,Coordinator,66160,2014-06-17,4,14,41,1,17,High,On-Site,550
1129,Employee_1129,Marketing,Coordinator,57633,2011-01-22,2,0,26,1,16,High,On-Site,526
1130,Employee_1130,HR,Specialist,57014,2019-05-15,4,11,10,1,29,Medium,On-Site,585
1131,Employee_1131,Marketing,Specialist,89104,2020-12-22,3,2,37,2,23,Low,On-Site,573
1132,Employee_1132,Finance,Coordinator,81621,2021-03-17,1,10,97,3,10,Medium,On-Site,560
1133,Employee_1133,Operations,Manager,117231,2021-12-12,3,1,42,2,34,Medium,Remote,557
1134,Employee_1134,Marketing,Executive,108388,2016-10-02,2,8,18,1,22,High,Remote,530
1135,Employee_1135,HR,Executive,56014,2016-04-01,4,14,63,4,16,Low,Hybrid,590
1136,Employee_1136,Finance,Executive,73755,2015-01-31,4,11,5,3,0,Low,Hybrid,511
1137,Employee_1137,Sales,Specialist,80390,2015-06-22,4,0,45,2,14,High,Hybrid,545
1138,Employee_1138,Operations,Specialist,63711,2013-05-21,3,12,41,3,31,Medium,Hybrid,530
1139,Employee_1139,Marketing,Manager,97993,2022-10-14,1,13,91,4,8,High,Remote,531
1140,Employee_1140,HR,Executive,114696,2021-05-07,3,8,64,2,14,Low,Remote,531
1141,Employee_1141,Sales,Executive,67213,2013-02-24,3,8,98,1,27,High,Remote,598
1142,Employee_1142,Sales,Coordinator,97784,2021-10-28,2,7,71,2,23,Low,On-Site,552
1143,Employee_1143,IT,Specialist,47421,2013-12-02,2,7,58,3,34,Medium,On-Site,560
1144,Employee_1144,Finance,Executive,57727,2014-12-25,2,10,51,3,21,Low,Hybrid,545
1145,Employee_1145,Marketing,Manager,44358,2016-05-13,1,13,46,3,26,Medium,On-Site,584
1146,Employee_1146,HR,Manager,105108,2013-02-04,1,11,6,3,18,Medium,Remote,573
1147,Employee_1147,IT,Executive,72117,2017-04-12,2,0,10,1,44,Low,Hybrid,579
1148,Employee_1148,Finance,Specialist,71910,2019-08-02,2,10,60,2,11,Low,Hybrid,506
1149,Employee_1149,IT,Manager,95754,2011-01-10,1,7,67,1,19,Medium,On-Site,503
1150,Employee_1150,Operations,Coordinator,102438,2015-10-22,4,9,24,1,0,High,Hybrid,590
1151,Employee_1151,Finance,Manager,69371,2021-01-03,1,13,11,1,20,Low,On-Site,551
1152,Employee_1152,Finance,Analyst,91501,2015-07-15,1,2,25,3,48,Medium,On-Site,588
1153,Employee_1153,Marketing,Analyst,100946,2020-02-23,1,10,11,3,44,Medium,Hybrid,530
1154,Employee_1154,Finance,Specialist,78467,2018-12-04,2,6,42,3,0,High,On-Site,574
1155,Employee_1155,IT,Executive,57625,2019-05-29,4,10,50,2,9,Low,On-Site,583
1156,Employee_1156,Finance,Specialist,73893,2015-03-05,1,14,36,4,46,Medium,On-Site,535
1157,Employee_1157,Marketing,Specialist,116329,2014-12-29,2,0,45,3,31,High,On-Site,553
1158,Employee_1158,Marketing,Specialist,71007,2014-01-14,3,0,52,2,38,Medium,Hybrid,553
1159,Employee_1159,Operations,Specialist,79532,2016-02-21,3,9,87,3,21,Low,Remote,516
1160,Employee_1160,IT,Coordinator,94253,2018-11-18,1,12,79,3,17,High,Remote,574
1161,Employee_1161,Sales,Coordinator,52323,2018-08-01,3,4,12,1,47,Medium,On-Site,529
1162,Employee_1162,Sales,Manager,113379,2015-09-02,4,4,88,1,45,High,On-Site,598
1163,Employee_1163,Finance,Analyst,54210,2010-12-26,3,7,53,1,31,Low,On-Site,521
1164,Employee_1164,Operations,Specialist,56456,2015-08-04,3,6,56,2,26,High,Remote,542
1165,Employee_1165,HR,Manager,71367,2013-02-15,4,7,3,4,27,Low,On-Site,526
1166,Employee_1166,Finance,Analyst,94624,2014-06-24,1,5,74,4,17,Medium,Hybrid,536
1167,Employee_1167,Operations,Executive,50106,2020-12-14,1,5,95,2,38,Low,Hybrid,545
1168,Employee_1168,IT,Coordinator,108008,2015-04-28,4,1,48,3,48,Medium,Hybrid,534
1169,Employee_1169,IT,Analyst,112240,2019-03-16,4,5,6,2,28,Medium,Remote,503
1170,Employee_1170,IT,Executive,104315,2018-02-28,4,4,10,3,17,Low,On-Site,579
1171,Employee_1171,IT,Analyst,109249,2010-01-07,3,12,91,2,43,Medium,On-Site,579
1172,Employee_1172,IT,Coordinator,110587,2018-12-12,4,2,53,2,7,High,On-Site,584
1173,Employee_1173,Operations,Coordinator,50756,2014-05-11,2,5,86,2,30,Medium,Remote,525
1174,Employee_1174,Operations,Manager,108011,2018-12-09,3,7,44,4,33,Low,Remote,599
1175,Employee_1175,Marketing,Specialist,76378,2017-02-19,1,8,22,1,6,High,Remote,518
1176,Employee_1176,Sales,Analyst,44255,2018-10-25,1,0,27,2,35,High,Remote,580
1177,Employee_1177,IT,Analyst,54484,2018-12-18,1,2,56,4,17,Medium,Hybrid,544
1178,Employee_1178,HR,Executive,96549,2012-07-02,3,2,25,1,37,Medium,Remote,525
1179,Employee_1179,Operations,Coordinator,74503,2015-07-05,2,10,24,1,8,Low,Remote,521
1180,Employee_1180,HR,Analyst,113794,2013-12-13,4,7,53,2,8,High,Remote,557
1181,Employee_1181,HR,Coordinator,85113,2018-05-13,4,0,28,3,45,Low,On-Site,562
1182,Employee_1182,HR,Analyst,114069,2019-09-17,1,4,82,3,7,Medium,On-Site,527
1183,Employee_1183,Marketing,Manager,45249,2021-07-23,1,2,96,3,34,High,On-Site,564
1184,Employee_1184,Operations,Specialist,59201,2018-01-07,3,1,35,2,17,Low,Hybrid,543
1185,Employee_1185,HR,Analyst,98576,2015-01-04,2,14,13,3,4,Low,Hybrid,599
1186,Employee_1186,IT,Coordinator,49686,2011-07-30,4,7,77,4,13,Low,Remote,542
1187,Employee_1187,Finance,Manager,93363,2012-07-18,3,2,34,4,27,Low,On-Site,536
1188,Employee_1188,HR,Analyst,40661,2020-04-17,4,6,29,4,29,Low,Hybrid,565
1189,Employee_1189,Marketing,Executive,84843,2020-02-17,1,11,91,4,3,High,On-Site,516
1190,Employee_1190,Operations,Specialist,100963,2014-01-03,4,10,16,1,38,Low,Hybrid,539
1191,Employee_1191,Marketing,Analyst,82828,2018-12-20,2,0,66,4,19,High,Hybrid,537
1192,Employee_1192,HR,Manager,88604,2012-11-20,2,5,79,3,24,Low,Remote,584
1193,Employee_1193,Operations,Executive,50526,2015-03-16,1,2,29,2,27,Medium,Remote,560
1194,Employee_1194,Finance,Manager,108910,2013-12-28,2,7,92,3,11,Medium,Hybrid,508
1195,Employee_1195,HR,Manager,65592,2013-10-31,2,5,44,4,1,Low,Remote,576
1196,Employee_1196,Marketing,Executive,68982,2019-05-09,3,11,78,1,42,Medium,Hybrid,574
1197,Employee_1197,Sales,Manager,40207,2011-03-19,4,1,88,4,13,High,Hybrid,560
1198,Employee_1198,IT,Executive,108619,2019-12-30,1,5,50,2,21,Low,On-Site,579
1199,Employee_1199,Marketing,Analyst,69328,2022-09-27,1,6,46,3,30,High,Remote,515
1200,Employee_1200,Operations,Executive,86479,2013-03-24,1,4,52,2,22,Low,Remote,501
1201,Employee_1201,HR,Executive,60103,2022-03-17,1,2,63,2,47,Medium,Remote,571
1202,Employee_1202,IT,Specialist,79891,2013-06-11,1,3,37,2,19,High,On-Site,542
1203,Employee_1203,HR,Executive,50754,2019-12-14,2,3,63,3,37,Medium,On-Site,541
1204,Employee_1204,Operations,Executive,112982,2015-01-16,3,5,86,4,3,Medium,On-Site,576
1205,Employee_1205,HR,Analyst,95922,2016-04-28,1,9,88,2,14,Low,Remote,556
1206,Employee_1206,Sales,Specialist,88231,2012-06-29,3,0,6,3,23,High,Remote,580
1207,Employee_1207,IT,Coordinator,69301,2021-11-19,3,10,21,1,24,Medium,Remote,587
1208,Employee_1208,IT,Analyst,102711,2022-09-12,2,3,80,3,0,Low,On-Site,566
1209,Employee_1209,Operations,Analyst,81323,2020-12-23,1,9,81,1,6,Low,On-Site,529
1210,Employee_1210,Sales,Coordinator,58752,2015-12-10,2,12,40,3,30,Low,Hybrid,512
1211,Employee_1211,Marketing,Executive,53395,2015-12-13,1,3,73,4,11,Medium,On-Site,518
1212,Employee_1212,HR,Manager,96273,2010-05-04,2,9,9,2,41,Low,Hybrid,506
1213,Employee_1213,Finance,Specialist,44895,2018-08-25,3,0,56,4,4,High,Remote,508
1214,Employee_1214,HR,Manager,116559,2012-02-25,1,8,6,3,43,High,On-Site,582
1215,Employee_1215,HR,Coordinator,50699,2016-08-13,4,3,49,2,49,Medium,Remote,553
1216,Employee_1216,Marketing,Analyst,105061,2012-03-07,3,6,90,1,41,High,Remote,585
1217,Employee_1217,HR,Analyst,49715,2021-06-04,4,11,51,3,37,Low,Remote,581
1218,Employee_1218,Sales,Specialist,59169,2021-05-17,3,13,32,2,11,Medium,Remote,560
1219,Employee_1219,Sales,Analyst,56163,2015-04-21,2,2,0,1,38,Low,On-Site,586
1220,Employee_1220,IT,Analyst,45782,2015-11-27,1,9,52,1,17,Medium,Remote,501
1221,Employee_1221,Operations,Specialist,75585,2020-06-04,3,11,59,4,1,Medium,Hybrid,549
1222,Employee_1222,Finance,Specialist,70682,2013-07-25,2,2,33,3,9,Low,On-Site,574
1223,Employee_1223,HR,Coordinator,87864,2021-05-26,1,13,3,1,14,High,Remote,530
1224,Employee_1224,HR,Analyst,95114,2018-08-07,1,7,16,2,29,High,On-Site,532
1225,Employee_1225,Marketing,Analyst,78067,2018-11-11,3,7,3,1,43,Medium,Hybrid,577
1226,Employee_1226,Operations,Coordinator,82685,2016-06-10,1,10,42,1,16,Low,Remote,579
1227,Employee_1227,Sales,Executive,58073,2015-04-17,3,11,89,4,3,Low,Hybrid,510
1228,Employee_1228,Finance,Executive,76035,2017-06-14,1,0,3,4,6,Medium,Remote,532
1229,Employee_1229,IT,Executive,104977,2010-12-31,4,9,0,2,40,High,Hybrid,506
1230,Employee_1230,Sales,Coordinator,105450,2016-07-18,2,1,70,4,30,Low,Remote,530
1231,Employee_1231,Operations,Analyst,50382,2012-08-04,4,7,93,1,38,High,On-Site,547
1232,Employee_1232,IT,Coordinator,44437,2013-10-09,3,0,49,1,33,High,Remote,546
1233,Employee_1233,Marketing,Coordinator,110971,2013-12-10,4,14,72,4,5,Medium,On-Site,577
1234,Employee_1234,Marketing,Executive,104612,2018-09-16,3,11,60,1,49,Medium,Remote,591
1235,Employee_1235,HR,Manager,101929,2010-12-07,1,7,34,1,37,High,Remote,552
1236,Employee_1236,Operations,Analyst,52329,2018-03-09,1,7,7,2,44,Low,Hybrid,579
1237,Employee_1237,Finance,Executive,65169,2011-01-18,3,1,23,4,33,Low,Hybrid,518
1238,Employee_1238,IT,Manager,74594,2014-04-06,4,3,82,1,43,Medium,Hybrid,580
1239,Employee_1239,Sales,Manager,116957,2010-10-27,1,5,35,4,14,High,Remote,589
1240,Employee_1240,Operations,Specialist,100631,2010-05-19,2,11,49,2,13,Low,Remote,505
1241,Employee_1241,Operations,Analyst,85033,2010-12-25,1,10,42,4,5,Low,Remote,548
1242,Employee_1242,Marketing,Manager,103133,2014-03-03,2,8,26,1,49,Medium,On-Site,572
1243,Employee_1243,HR,Executive,113165,2019-06-19,4,14,31,4,36,High,On-Site,549
1244,Employee_1244,HR,Specialist,113861,2014-06-16,2,7,77,1,49,Low,Remote,580
1245,Employee_1245,IT,Analyst,92290,2013-07-27,2,11,17,1,31,Medium,Hybrid,594
1246,Employee_1246,Marketing,Coordinator,71750,2013-02-08,2,14,27,1,2,Low,Hybrid,511
1247,Employee_1247,Operations,Executive,80461,2015-12-27,2,7,28,2,2,Low,Hybrid,522
1248,Employee_1248,Finance,Manager,113800,2018-09-06,1,6,15,4,21,Low,Remote,553
1249,Employee_1249,Marketing,Manager,118222,2020-07-02,2,13,98,2,21,Medium,Hybrid,568
1250,Employee_1250,IT,Executive,64226,2015-11-22,1,12,46,4,9,High,Remote,599
1251,Employee_1251,IT,Manager,46721,2013-05-22,2,8,58,2,2,Medium,On-Site,558
1252,Employee_1252,Marketing,Specialist,96154,2020-03-24,3,14,30,3,11,High,Hybrid,535
1253,Employee_1253,IT,Analyst,60609,2017-10-05,4,1,3,1,28,Low,On-Site,502
1254,Employee_1254,Marketing,Specialist,92130,2021-08-31,2,2,36,1,47,High,Hybrid,557
1255,Employee_1255,Sales,Manager,112909,2012-09-25,3,9,16,2,16,Low,Remote,587
1256,Employee_1256,Marketing,Coordinator,95249,2017-01-11,2,7,38,3,6,Low,Remote,554
1257,Employee_1257,Marketing,Analyst,88895,2013-07-31,2,13,47,1,12,Medium,Remote,556
1258,Employee_1258,IT,Analyst,45656,2011-10-19,2,5,45,4,1,Low,Remote,516
1259,Employee_1259,IT,Executive,114520,2017-04-14,3,9,89,2,3,Medium,Hybrid,538
1260,Employee_1260,HR,Executive,103740,2016-01-21,4,8,47,1,9,High,On-Site,589
1261,Employee_1261,HR,Coordinator,104309,2015-03-25,3,9,38,1,38,High,Remote,567
1262,Employee_1262,Sales,Analyst,69984,2020-03-19,4,3,3,2,23,Low,Hybrid,554
1263,Employee_1263,HR,Coordinator,113822,2015-08-09,2,7,29,2,16,Medium,On-Site,544
1264,Employee_1264,Marketing,Executive,45901,2018-08-29,1,9,29,4,5,Low,Remote,575
1265,Employee_1265,IT,Executive,71552,2013-02-14,2,2,21,4,18,Medium,On-Site,500
1266,Employee_1266,HR,Analyst,71055,2010-09-24,4,2,74,1,4,Medium,Remote,520
1267,Employee_1267,HR,Specialist,77685,2015-01-20,3,7,65,1,31,Medium,On-Site,582
1268,Employee_1268,Sales,Manager,113965,2014-09-05,2,4,11,2,9,High,On-Site,520
1269,Employee_1269,Operations,Executive,54716,2019-12-10,3,2,93,1,8,Medium,Remote,551
1270,Employee_1270,Sales,Executive,51138,2018-10-17,3,9,35,1,26,High,Hybrid,581
1271,Employee_1271,Marketing,Specialist,75298,2016-04-12,3,10,17,2,12,Medium,On-Site,542
1272,Employee_1272,IT,Specialist,91112,2020-03-21,2,0,89,1,18,High,Remote,551
1273,Employee_1273,Sales,Coordinator,63429,2020-06-26,3,14,52,1,20,High,On-Site,566
1274,Employee_1274,HR,Coordinator,90200,2014-02-19,3,2,70,3,23,High,On-Site,543
1275,Employee_1275,IT,Manager,111308,2011-04-21,2,11,0,4,37,Low,Hybrid,531
1276,Employee_1276,IT,Manager,88244,2012-09-03,3,8,57,2,3,Medium,On-Site,509
1277,Employee_1277,HR,Analyst,57347,2013-04-22,2,4,89,3,23,Low,On-Site,563
1278,Employee_1278,Sales,Coordinator,56920,2015-05-15,4,11,86,4,34,Medium,Remote,578
1279,Employee_1279,HR,Executive,71822,2011-07-12,4,9,89,4,2,Medium,Remote,568
1280,Employee_1280,Operations,Coordinator,86659,2012-06-01,4,14,5,4,3,Low,Hybrid,567
1281,Employee_1281,IT,Executive,80108,2016-01-04,3,1,69,3,36,High,On-Site,527
1282,Employee_1282,Finance,Specialist,47967,2017-04-21,1,6,43,3,39,Medium,On-Site,552
1283,Employee_1283,Finance,Coordinator,51871,2022-10-22,1,14,71,4,47,High,On-Site,550
1284,Employee_1284,Marketing,Specialist,117452,2014-05-30,3,1,23,1,34,Low,Hybrid,552
1285,Employee_1285,HR,Manager,114270,2019-07-21,1,3,85,1,30,High,On-Site,503
1286,Employee_1286,HR,Manager,73613,2016-09-20,2,11,18,3,43,Medium,Remote,578
1287,Employee_1287,Marketing,Analyst,68179,2022-04-22,1,6,17,3,24,Medium,Hybrid,516
1288,Employee_1288,Marketing,Coordinator,92188,2015-05-01,3,3,94,3,39,Medium,Remote,566
1289,Employee_1289,Marketing,Specialist,95099,2017-09-09,3,6,29,4,12,Low,Remote,573
1290,Employee_1290,IT,Executive,75262,2020-06-22,2,6,41,1,3,Medium,Hybrid,546
1291,Employee_1291,Operations,Manager,118213,2019-09-07,4,0,32,3,45,Low,Remote,555
1292,Employee_1292,HR,Manager,58268,2020-05-30,3,5,73,3,13,High,On-Site,522
1293,Employee_1293,IT,Executive,117866,2021-06-09,2,8,11,2,12,Medium,Hybrid,517
1294,Employee_1294,Marketing,Specialist,100545,2022-11-13,1,1,93,4,26,Medium,Remote,500
1295,Employee_1295,HR,Specialist,112146,2015-05-25,1,13,26,2,5,Medium,On-Site,534
1296,Employee_1296,IT,Coordinator,111966,2020-06-19,2,2,38,1,16,High,On-Site,563
1297,Employee_1297,Operations,Coordinator,79922,2017-09-20,2,9,8,2,35,Medium,Remote,557
1298,Employee_1298,IT,Analyst,119364,2012-06-21,3,4,20,2,39,Low,On-Site,594
1299,Employee_1299,Operations,Manager,82913,2010-12-31,1,8,75,2,48,High,Hybrid,558
1300,Employee_1300,Marketing,Coordinator,95677,2021-08-29,2,3,28,4,34,High,Remote,500
1301,Employee_1301,Operations,Specialist,89841,2018-07-17,1,0,32,1,16,High,On-Site,502
1302,Employee_1302,HR,Executive,86332,2017-01-02,2,3,61,2,40,High,On-Site,566
1303,Employee_1303,Marketing,Specialist,65032,2015-02-07,1,5,14,4,1,High,Remote,536
1304,Employee_1304,HR,Manager,77846,2010-04-26,4,4,1,1,12,Low,Remote,582
1305,Employee_1305,Finance,Specialist,99474,2016-07-12,3,13,51,3,1,High,Remote,528
1306,Employee_1306,Sales,Analyst,84936,2020-10-10,1,12,43,2,27,Medium,Remote,588
1307,Employee_1307,Operations,Manager,69794,2016-10-26,4,0,53,1,42,High,Hybrid,532
1308,Employee_1308,Sales,Executive,101588,2012-07-31,1,3,17,2,25,High,Remote,599
1309,Employee_1309,Sales,Analyst,110984,2014-09-21,1,5,2,3,21,High,Hybrid,560
1310,Employee_1310,Operations,Manager,90331,2016-05-23,4,12,6,1,46,High,Hybrid,592
1311,Employee_1311,Marketing,Executive,68141,2017-07-30,1,14,42,4,42,High,Remote,589
1312,Employee_1312,Finance,Analyst,49074,2013-02-11,1,9,81,1,2,Low,Hybrid,503
1313,Employee_1313,HR,Analyst,46406,2016-12-02,3,9,37,4,34,Low,Remote,513
1314,Employee_1314,IT,Manager,63291,2021-04-10,4,13,36,1,11,High,Remote,590
1315,Employee_1315,HR,Coordinator,81568,2019-05-14,4,3,57,4,23,Low,On-Site,532
1316,Employee_1316,IT,Analyst,86851,2020-09-11,2,14,32,3,4,Medium,Remote,521
1317,Employee_1317,HR,Analyst,94823,2019-12-17,1,13,58,3,19,High,On-Site,547
1318,Employee_1318,Operations,Executive,63312,2018-02-01,3,8,94,3,38,Medium,Hybrid,502
1319,Employee_1319,Finance,Specialist,83108,2016-06-25,1,4,10,1,38,Medium,On-Site,586
1320,Employee_1320,IT,Manager,106918,2021-07-23,1,7,67,3,12,High,Hybrid,584
1321,Employee_1321,Marketing,Manager,74171,2010-10-04,2,8,81,2,40,Medium,Remote,522
1322,Employee_1322,HR,Coordinator,81779,2015-06-23,1,9,67,3,44,Medium,Hybrid,567
1323,Employee_1323,HR,Coordinator,108828,2013-05-12,3,4,97,4,11,Medium,Hybrid,520
1324,Employee_1324,IT,Manager,52411,2020-04-10,3,5,92,4,12,High,Remote,542
1325,Employee_1325,Marketing,Coordinator,97009,2020-03-24,2,0,87,4,9,High,Hybrid,594
1326,Employee_1326,Marketing,Executive,55422,2011-11-27,1,10,21,1,32,Medium,Remote,584
1327,Employee_1327,Operations,Manager,82468,2013-08-02,3,11,65,2,39,High,On-Site,525
1328,Employee_1328,Operations,Coordinator,72371,2021-05-15,1,14,43,3,15,High,Remote,540
1329,Employee_1329,Operations,Manager,97022,2018-11-09,1,6,5,2,44,Medium,Remote,598
1330,Employee_1330,Operations,Specialist,111229,2021-04-07,1,3,41,2,34,High,Hybrid,537
1331,Employee_1331,Operations,Analyst,91196,2016-04-30,2,10,24,4,2,Low,On-Site,587
1332,Employee_1332,Operations,Manager,66715,2017-10-12,1,1,56,4,4,High,Remote,510
1333,Employee_1333,Finance,Analyst,67605,2021-07-10,3,4,84,4,25,Low,On-Site,528
1334,Employee_1334,Marketing,Coordinator,71174,2019-09-30,1,11,54,1,10,Medium,On-Site,559
1335,Employee_1335,Operations,Analyst,49956,2019-04-22,3,2,15,2,6,High,Hybrid,566
1336,Employee_1336,Marketing,Manager,116373,2011-06-26,1,5,94,2,9,Medium,Remote,564
1337,Employee_1337,Marketing,Specialist,109252,2017-05-18,3,7,13,1,41,Medium,Hybrid,560
1338,Employee_1338,Sales,Coordinator,101949,2022-10-19,3,6,38,1,33,Medium,Remote,518
1339,Employee_1339,Finance,Manager,102646,2012-12-24,1,2,27,1,2,Medium,On-Site,545
1340,Employee_1340,Operations,Coordinator,110017,2019-03-18,1,7,95,2,7,Medium,Remote,548
1341,Employee_1341,HR,Executive,103037,2010-01-25,3,1,91,2,30,High,Remote,521
1342,Employee_1342,IT,Analyst,46548,2014-04-22,4,9,50,4,10,Low,On-Site,577
1343,Employee_1343,HR,Executive,113294,2018-02-06,2,8,48,4,44,High,On-Site,556
1344,Employee_1344,Finance,Manager,63177,2021-08-07,4,3,8,2,6,High,Remote,513
1345,Employee_1345,IT,Specialist,64022,2014-11-03,4,0,57,4,44,High,Hybrid,543
1346,Employee_1346,Finance,Coordinator,45542,2022-12-27,1,7,44,1,1,High,Remote,515
1347,Employee_1347,Marketing,Analyst,100428,2016-02-14,2,6,21,3,5,Low,On-Site,596
1348,Employee_1348,IT,Coordinator,62740,2010-07-20,4,10,31,4,40,High,Hybrid,576
1349,Employee_1349,Marketing,Manager,99353,2018-10-04,1,12,68,2,31,Medium,On-Site,511
1350,Employee_1350,HR,Coordinator,96532,2010-09-14,4,4,86,4,19,High,On-Site,554
1351,Employee_1351,HR,Analyst,56052,2020-04-05,4,9,68,4,33,High,Hybrid,550
1352,Employee_1352,IT,Manager,87076,2022-09-17,1,12,41,4,49,Low,On-Site,538
1353,Employee_1353,IT,Coordinator,93420,2016-02-20,1,4,52,3,15,Low,On-Site,532
1354,Employee_1354,Operations,Specialist,40671,2018-09-11,1,6,95,1,24,Medium,On-Site,532
1355,Employee_1355,Finance,Manager,40163,2019-11-16,2,4,58,2,11,High,On-Site,528
1356,Employee_1356,Operations,Manager,81424,2019-02-19,4,7,73,3,6,High,On-Site,568
1357,Employee_1357,Finance,Specialist,93744,2011-02-18,1,10,38,2,38,High,On-Site,569
1358,Employee_1358,Operations,Executive,110331,2015-07-08,3,12,14,2,16,Medium,On-Site,530
1359,Employee_1359,Marketing,Analyst,50634,2013-10-13,4,5,70,2,44,Low,On-Site,579
1360,Employee_1360,IT,Executive,44798,2013-01-03,3,12,28,3,10,Medium,On-Site,530
1361,Employee_1361,HR,Coordinator,62420,2019-05-20,2,4,2,1,5,High,Remote,588
1362,Employee_1362,Finance,Specialist,69300,2020-01-04,1,8,82,2,22,Low,Remote,545
1363,Employee_1363,Finance,Executive,50749,2012-06-28,3,10,9,1,26,Low,On-Site,596
1364,Employee_1364,HR,Manager,65121,2010-07-07,2,1,91,1,45,Medium,Remote,576
1365,Employee_1365,Operations,Coordinator,77487,2021-01-27,1,0,28,4,5,Low,Hybrid,551
1366,Employee_1366,Finance,Coordinator,73361,2020-04-14,3,7,78,3,37,Low,Remote,509
1367,Employee_1367,Marketing,Executive,61223,2015-07-09,3,11,34,3,1,High,On-Site,587
1368,Employee_1368,IT,Executive,112930,2015-09-24,2,2,5,4,21,High,On-Site,573
1369,Employee_1369,HR,Specialist,54056,2019-12-24,1,13,11,4,19,Low,Remote,540
1370,Employee_1370,IT,Analyst,68380,2015-11-01,1,10,37,1,24,Low,On-Site,594
1371,Employee_1371,Finance,Executive,66035,2010-12-24,3,11,76,2,14,Medium,Hybrid,576
1372,Employee_1372,Finance,Executive,70620,2016-08-19,3,11,92,3,48,Medium,Hybrid,502
1373,Employee_1373,HR,Manager,59877,2021-08-28,3,11,18,2,28,Low,On-Site,558
1374,Employee_1374,Marketing,Coordinator,95316,2022-06-12,1,6,66,2,7,High,Hybrid,551
1375,Employee_1375,Sales,Analyst,104041,2014-02-06,2,9,7,4,36,Low,Hybrid,533
1376,Employee_1376,HR,Manager,93352,2015-11-29,2,12,7,2,48,Low,Remote,548
1377,Employee_1377,Sales,Specialist,70911,2016-12-30,1,10,83,1,32,High,Hybrid,527
1378,Employee_1378,Operations,Specialist,72784,2016-05-31,4,7,46,4,21,High,Remote,582
1379,Employee_1379,Sales,Executive,43191,2018-01-30,2,14,3,2,49,Medium,On-Site,586
1380,Employee_1380,Marketing,Executive,73160,2013-05-23,3,12,50,4,46,Medium,Remote,595
1381,Employee_1381,Operations,Specialist,104641,2012-08-31,4,12,84,1,4,Medium,On-Site,512
1382,Employee_1382,Sales,Executive,89723,2022-12-11,4,5,66,1,38,Medium,On-Site,596
1383,Employee_1383,Operations,Analyst,43631,2020-11-09,2,11,44,2,17,High,On-Site,597
1384,Employee_1384,Sales,Executive,46172,2012-11-16,4,9,7,4,37,Low,On-Site,596
1385,Employee_1385,Marketing,Coordinator,82080,2020-02-19,4,13,86,2,36,Medium,On-Site,568
1386,Employee_1386,Sales,Executive,60281,2017-08-12,2,8,15,2,29,Medium,Remote,566
1387,Employee_1387,Sales,Manager,68671,2014-05-08,2,6,76,4,30,High,On-Site,560
1388,Employee_1388,Sales,Analyst,91431,2020-08-14,4,14,66,2,9,High,Hybrid,559
1389,Employee_1389,HR,Manager,68602,2016-06-26,3,9,8,1,14,Low,Hybrid,570
1390,Employee_1390,HR,Manager,91399,2011-03-13,1,4,59,4,41,Low,On-Site,523
1391,Employee_1391,HR,Coordinator,63472,2017-09-29,4,7,77,4,47,High,Hybrid,562
1392,Employee_1392,Marketing,Analyst,89230,2014-04-06,4,14,76,4,43,Medium,Remote,585
1393,Employee_1393,Operations,Analyst,113616,2020-07-25,3,1,70,4,17,Medium,Remote,560
1394,Employee_1394,Finance,Analyst,47099,2013-07-28,4,6,14,2,22,Medium,On-Site,522
1395,Employee_1395,Sales,Analyst,65431,2016-07-12,4,14,70,2,32,Low,On-Site,529
1396,Employee_1396,Sales,Analyst,96492,2010-07-02,1,3,97,1,15,Medium,On-Site,559
1397,Employee_1397,Marketing,Coordinator,87684,2014-05-09,1,8,40,3,37,Medium,Hybrid,517
1398,Employee_1398,Sales,Executive,70111,2014-05-07,1,11,21,3,34,High,Hybrid,595
1399,Employee_1399,HR,Manager,103936,2011-10-22,2,0,23,1,33,Medium,Remote,555
1400,Employee_1400,Finance,Analyst,62614,2010-06-09,2,6,43,3,27,High,Hybrid,552
1401,Employee_1401,IT,Executive,81991,2020-10-28,1,5,0,1,1,Medium,Remote,506
1402,Employee_1402,Sales,Executive,110476,2012-10-08,1,7,9,2,29,Low,Hybrid,596
1403,Employee_1403,HR,Manager,100920,2010-02-22,2,4,79,4,12,Medium,Remote,568
1404,Employee_1404,IT,Coordinator,103530,2016-04-26,3,14,71,4,40,Medium,On-Site,591
1405,Employee_1405,Finance,Specialist,76224,2013-05-13,4,0,55,2,15,High,Hybrid,571
1406,Employee_1406,IT,Specialist,47788,2012-11-01,4,0,88,4,4,High,Remote,578
1407,Employee_1407,HR,Executive,68082,2020-02-20,1,8,49,4,27,High,Hybrid,551
1408,Employee_1408,Operations,Manager,116816,2021-01-28,3,14,11,3,38,Medium,On-Site,503
1409,Employee_1409,Operations,Specialist,56531,2022-03-08,2,9,88,2,44,Medium,Remote,533
1410,Employee_1410,IT,Executive,84857,2013-06-18,1,5,80,3,19,Low,Hybrid,568
1411,Employee_1411,Marketing,Coordinator,50142,2015-02-28,3,9,59,3,23,Medium,Hybrid,532
1412,Employee_1412,IT,Specialist,88355,2014-12-15,3,4,25,4,26,Low,On-Site,568
1413,Employee_1413,Sales,Executive,49866,2018-09-03,3,14,77,4,29,High,On-Site,537
1414,Employee_1414,Sales,Executive,110067,2020-05-25,2,0,40,2,44,High,Remote,597
1415,Employee_1415,Operations,Analyst,104027,2016-05-30,2,5,35,4,26,High,Hybrid,525
1416,Employee_1416,Marketing,Coordinator,97906,2019-05-08,4,5,22,4,25,Low,Hybrid,500
1417,Employee_1417,HR,Analyst,68138,2012-03-28,4,2,42,2,6,Medium,On-Site,503
1418,Employee_1418,Sales,Manager,69956,2016-09-03,3,12,5,4,41,High,On-Site,538
1419,Employee_1419,Operations,Analyst,116295,2012-06-07,3,7,68,3,46,Medium,Remote,553
1420,Employee_1420,Finance,Analyst,45439,2011-10-30,2,13,42,2,37,Medium,Hybrid,589
1421,Employee_1421,Operations,Specialist,87241,2022-12-12,4,14,24,4,4,High,Hybrid,532
1422,Employee_1422,Sales,Executive,82533,2017-03-09,3,0,17,1,22,Low,Remote,532
1423,Employee_1423,Sales,Coordinator,68270,2021-08-03,4,0,61,2,27,Medium,Remote,571
1424,Employee_1424,Operations,Analyst,118815,2022-05-21,4,5,12,2,33,High,On-Site,519
1425,Employee_1425,HR,Coordinator,79279,2012-03-29,3,9,42,1,14,Medium,On-Site,515
1426,Employee_1426,IT,Analyst,63888,2015-12-29,2,12,77,4,31,Medium,Remote,520
1427,Employee_1427,Sales,Manager,57630,2013-01-11,3,0,27,4,25,Medium,Remote,544
1428,Employee_1428,Operations,Analyst,101063,2016-02-03,3,5,17,2,47,Medium,Hybrid,589
1429,Employee_1429,Operations,Specialist,75144,2010-07-17,4,0,58,2,30,Medium,Remote,586
1430,Employee_1430,Marketing,Executive,92161,2017-04-25,3,13,59,4,18,Low,Remote,581
1431,Employee_1431,IT,Manager,117360,2019-07-25,2,12,62,4,8,Low,Hybrid,561
1432,Employee_1432,Finance,Analyst,90979,2016-09-14,3,5,56,3,28,High,Remote,530
1433,Employee_1433,HR,Coordinator,46979,2011-04-16,2,2,91,2,38,Low,On-Site,541
1434,Employee_1434,Finance,Manager,66189,2015-05-03,2,13,50,2,3,Low,On-Site,511
1435,Employee_1435,IT,Manager,82600,2020-09-04,4,13,55,1,2,Low,Hybrid,564
1436,Employee_1436,IT,Analyst,99560,2015-07-04,1,14,26,3,28,Medium,Remote,572
1437,Employee_1437,IT,Manager,118040,2020-05-28,1,7,31,4,10,Medium,On-Site,502
1438,Employee_1438,Finance,Coordinator,101558,2021-04-11,4,12,8,3,32,High,On-Site,589
1439,Employee_1439,IT,Manager,46910,2020-05-24,3,14,95,4,37,High,On-Site,508
1440,Employee_1440,Operations,Coordinator,97713,2020-12-02,4,5,83,4,10,High,On-Site,550
1441,Employee_1441,Finance,Analyst,86857,2010-08-23,2,12,91,3,26,Medium,Remote,515
1442,Employee_1442,IT,Executive,74964,2012-07-17,1,10,96,2,32,Low,Remote,587
1443,Employee_1443,Operations,Manager,65227,2019-11-17,4,12,67,4,20,Low,Remote,577
1444,Employee_1444,Marketing,Executive,45978,2011-06-07,3,0,45,3,38,Medium,Remote,502
1445,Employee_1445,IT,Coordinator,57153,2019-08-25,4,14,97,1,30,High,On-Site,597
1446,Employee_1446,Finance,Manager,99765,2022-05-24,1,4,66,3,37,High,Hybrid,596
1447,Employee_1447,Sales,Specialist,79071,2014-06-18,4,7,25,1,45,High,Hybrid,523
1448,Employee_1448,IT,Executive,109519,2022-09-03,4,2,7,4,1,Medium,On-Site,572
1449,Employee_1449,Sales,Manager,49503,2013-08-09,1,11,5,3,26,High,On-Site,512
1450,Employee_1450,Operations,Executive,100703,2017-10-28,2,5,79,3,35,High,Hybrid,501
1451,Employee_1451,Marketing,Manager,104379,2013-01-29,2,4,23,1,10,Medium,Hybrid,570
1452,Employee_1452,HR,Analyst,97866,2017-01-31,1,5,47,3,46,Low,On-Site,520
1453,Employee_1453,Marketing,Executive,56905,2012-10-20,4,9,93,3,17,Medium,On-Site,518
1454,Employee_1454,IT,Specialist,85838,2013-10-10,1,0,44,4,0,Medium,Remote,588
1455,Employee_1455,Sales,Specialist,98279,2019-03-29,2,6,12,3,34,Medium,Remote,546
1456,Employee_1456,Sales,Coordinator,66806,2014-02-28,3,8,68,2,34,Medium,Hybrid,521
1457,Employee_1457,Finance,Manager,85000,2010-08-15,4,1,24,1,30,Low,On-Site,574
1458,Employee_1458,Sales,Executive,62168,2012-06-10,2,9,19,3,27,High,Hybrid,532
1459,Employee_1459,Finance,Coordinator,110119,2021-02-24,4,14,81,1,38,Medium,Remote,531
1460,Employee_1460,Operations,Executive,78714,2016-03-07,1,4,81,1,0,Low,Remote,563
1461,Employee_1461,HR,Manager,94093,2017-08-20,3,9,65,1,24,High,Hybrid,584
1462,Employee_1462,IT,Specialist,95419,2011-02-01,1,3,73,3,42,High,Remote,538
1463,Employee_1463,Finance,Analyst,89145,2015-09-10,3,5,44,3,37,High,On-Site,583
1464,Employee_1464,HR,Specialist,117425,2022-12-28,4,5,46,1,19,Medium,Hybrid,571
1465,Employee_1465,Sales,Coordinator,117811,2022-02-11,4,10,62,2,2,Medium,On-Site,541
1466,Employee_1466,Sales,Analyst,42461,2018-11-12,1,1,75,1,1,High,On-Site,508
1467,Employee_1467,HR,Coordinator,54291,2020-08-29,3,1,76,2,17,High,Remote,524
1468,Employee_1468,Sales,Manager,86804,2015-06-29,3,3,54,1,43,High,On-Site,588
1469,Employee_1469,Operations,Analyst,116971,2015-07-10,4,0,74,4,9,High,Hybrid,596
1470,Employee_1470,Operations,Coordinator,104946,2018-09-07,1,8,18,1,4,High,On-Site,501
1471,Employee_1471,HR,Manager,101332,2017-04-22,3,13,34,1,8,High,On-Site,518
1472,Employee_1472,Finance,Specialist,117794,2015-02-22,4,13,52,3,1,Low,On-Site,519
1473,Employee_1473,Finance,Manager,70841,2013-04-11,2,12,25,2,33,High,On-Site,592
1474,Employee_1474,HR,Executive,88758,2014-11-08,1,6,13,4,37,Medium,On-Site,569
1475,Employee_1475,Finance,Manager,116272,2010-06-11,2,11,44,2,30,Medium,Remote,516
1476,Employee_1476,Finance,Manager,77643,2020-11-20,1,6,43,4,9,Medium,Hybrid,588
1477,Employee_1477,Operations,Executive,90408,2014-10-18,4,14,87,1,49,High,Remote,567
1478,Employee_1478,Finance,Coordinator,83950,2012-02-15,3,2,64,3,11,Medium,Hybrid,593
1479,Employee_1479,Marketing,Coordinator,96849,2012-07-28,3,14,50,3,35,Low,Hybrid,583
1480,Employee_1480,IT,Manager,68044,2018-10-26,3,10,42,2,20,High,Hybrid,502
1481,Employee_1481,Sales,Executive,55997,2011-06-24,1,14,85,3,48,Medium,Hybrid,586
1482,Employee_1482,Marketing,Executive,119751,2014-01-01,4,11,22,2,46,Low,Hybrid,550
1483,Employee_1483,Finance,Specialist,63911,2010-12-22,2,2,55,2,5,Low,On-Site,581
1484,Employee_1484,Operations,Coordinator,95533,2019-11-14,4,0,18,4,47,Medium,Remote,525
1485,Employee_1485,HR,Analyst,54571,2019-02-06,2,2,81,2,48,Low,Remote,555
1486,Employee_1486,Finance,Coordinator,97941,2010-08-23,1,2,75,4,2,Medium,On-Site,599
1487,Employee_1487,Operations,Coordinator,98005,2014-03-29,1,3,54,3,9,Low,Hybrid,563
1488,Employee_1488,IT,Specialist,98712,2015-09-28,2,3,91,2,4,High,Remote,507
1489,Employee_1489,Finance,Analyst,83541,2021-07-15,2,2,91,2,45,High,On-Site,580
1490,Employee_1490,HR,Specialist,63387,2015-10-03,2,9,59,1,25,High,On-Site,594
1491,Employee_1491,Operations,Analyst,88908,2014-08-01,4,11,58,2,20,High,Remote,536
1492,Employee_1492,Operations,Manager,53057,2015-10-02,2,7,32,2,44,High,Remote,596
1493,Employee_1493,Operations,Analyst,104028,2020-01-06,1,7,18,1,25,Medium,Hybrid,526
1494,Employee_1494,IT,Specialist,95731,2022-09-28,1,12,27,1,37,High,Hybrid,544
1495,Employee_1495,Finance,Coordinator,64858,2019-11-06,3,12,51,3,43,High,Remote,503
1496,Employee_1496,IT,Analyst,88689,2020-04-06,2,0,48,2,25,High,Hybrid,585
1497,Employee_1497,Sales,Analyst,84638,2018-09-09,4,6,36,3,7,High,On-Site,589
1498,Employee_1498,Sales,Executive,86486,2014-12-21,4,10,25,3,4,Low,Hybrid,595
1499,Employee_1499,Finance,Coordinator,60567,2020-07-08,4,1,98,1,14,High,Hybrid,587
1500,Employee_1500,IT,Manager,69739,2015-06-29,3,0,97,4,15,High,On-Site,598
1501,Employee_1501,HR,Specialist,97804,2022-04-21,1,2,98,3,0,Medium,Hybrid,536
1502,Employee_1502,Operations,Manager,43754,2011-11-06,4,3,39,4,15,Low,On-Site,595
1503,Employee_1503,Operations,Coordinator,67044,2011-01-22,1,12,79,2,36,Medium,Hybrid,570
1504,Employee_1504,Finance,Analyst,107260,2015-11-29,3,5,37,1,2,High,Remote,532
1505,Employee_1505,Sales,Analyst,106912,2017-04-15,2,9,76,2,46,Medium,Hybrid,530
1506,Employee_1506,Sales,Coordinator,48706,2015-08-27,2,13,86,2,30,Medium,Remote,554
1507,Employee_1507,Operations,Analyst,48894,2020-07-18,2,4,53,1,12,High,Remote,511
1508,Employee_1508,Finance,Analyst,58037,2018-11-28,4,14,21,2,15,Low,Remote,510
1509,Employee_1509,IT,Analyst,91612,2022-09-11,2,14,15,1,42,Low,Remote,587
1510,Employee_1510,Sales,Specialist,69725,2021-09-06,4,13,27,4,20,Medium,Remote,571
1511,Employee_1511,IT,Specialist,45926,2012-01-10,3,3,34,2,1,High,On-Site,531
1512,Employee_1512,Sales,Executive,49496,2013-11-02,3,7,59,1,26,Medium,On-Site,556
1513,Employee_1513,Sales,Manager,96447,2018-12-04,4,10,44,3,37,Medium,On-Site,537
1514,Employee_1514,Marketing,Coordinator,69806,2016-03-27,1,11,45,2,25,Medium,Remote,559
1515,Employee_1515,Sales,Coordinator,81321,2020-09-09,2,13,71,4,37,High,Hybrid,585
1516,Employee_1516,HR,Coordinator,105095,2020-09-28,2,3,54,1,45,High,On-Site,597
1517,Employee_1517,Finance,Executive,62656,2021-07-16,2,12,85,2,24,Low,Hybrid,518
1518,Employee_1518,Finance,Specialist,95147,2018-11-02,4,9,84,2,10,High,Hybrid,583
1519,Employee_1519,IT,Executive,89666,2017-10-02,3,11,25,2,7,Medium,Remote,555
1520,Employee_1520,Sales,Coordinator,78787,2020-04-16,2,12,84,4,7,Medium,Remote,513
1521,Employee_1521,HR,Manager,102946,2016-11-17,3,1,24,1,32,Low,Remote,532
1522,Employee_1522,IT,Analyst,61727,2015-11-22,2,14,64,3,6,High,On-Site,509
1523,Employee_1523,Marketing,Specialist,108056,2020-01-24,2,2,5,3,37,Medium,Remote,579
1524,Employee_1524,IT,Specialist,43081,2017-07-08,4,5,22,3,20,Low,On-Site,563
1525,Employee_1525,IT,Executive,74196,2020-08-02,1,7,63,1,7,Low,On-Site,563
1526,Employee_1526,Sales,Specialist,76735,2020-04-22,4,7,86,3,20,Medium,On-Site,561
1527,Employee_1527,Marketing,Coordinator,119578,2016-02-01,2,14,42,4,19,Medium,On-Site,567
1528,Employee_1528,IT,Coordinator,65498,2017-08-24,2,10,22,1,7,High,Remote,590
1529,Employee_1529,HR,Executive,116865,2014-08-25,1,14,95,2,45,Low,On-Site,591
1530,Employee_1530,HR,Coordinator,71656,2019-06-25,3,8,29,4,30,Medium,Remote,542
1531,Employee_1531,Finance,Manager,107695,2021-02-15,3,6,76,2,49,Low,Remote,579
1532,Employee_1532,Marketing,Executive,77900,2014-03-05,2,12,17,3,28,High,On-Site,558
1533,Employee_1533,Marketing,Manager,87701,2010-02-02,3,1,86,4,47,Medium,Remote,551
1534,Employee_1534,Finance,Analyst,59033,2021-01-08,2,7,78,1,8,High,Hybrid,596
1535,Employee_1535,IT,Manager,50805,2017-01-10,1,6,96,4,14,Low,Remote,518
1536,Employee_1536,Marketing,Analyst,75851,2017-09-04,1,7,20,2,29,High,Remote,520
1537,Employee_1537,HR,Analyst,66832,2020-09-01,2,11,56,1,25,High,On-Site,521
1538,Employee_1538,HR,Manager,103437,2020-02-27,1,2,22,4,9,Low,On-Site,508
1539,Employee_1539,Sales,Executive,53944,2011-12-21,4,6,90,4,28,High,Remote,508
1540,Employee_1540,Marketing,Coordinator,59873,2022-07-16,4,9,44,4,15,Low,On-Site,572
1541,Employee_1541,IT,Coordinator,80372,2012-08-30,1,12,43,4,35,Medium,Hybrid,526
1542,Employee_1542,Finance,Analyst,55379,2020-03-07,2,8,81,1,19,Low,Hybrid,516
1543,Employee_1543,Finance,Analyst,76751,2022-01-20,2,2,87,2,44,Low,On-Site,543
1544,Employee_1544,IT,Executive,45110,2022-06-19,1,13,46,4,36,Medium,Remote,544
1545,Employee_1545,Operations,Specialist,94341,2016-01-17,3,9,39,1,21,Low,Hybrid,507
1546,Employee_1546,Sales,Manager,52087,2022-02-13,4,5,50,2,6,Medium,Hybrid,579
1547,Employee_1547,Finance,Analyst,63762,2021-10-30,3,1,41,4,22,Medium,Remote,517
1548,Employee_1548,Marketing,Coordinator,49596,2018-04-19,2,1,6,2,40,Low,On-Site,532
1549,Employee_1549,Sales,Executive,58313,2019-10-16,2,4,49,2,39,High,Hybrid,500
1550,Employee_1550,Marketing,Manager,106549,2018-07-14,3,4,47,1,28,High,Remote,575
1551,Employee_1551,HR,Executive,63705,2018-12-30,1,12,83,2,15,Medium,Remote,505
1552,Employee_1552,Sales,Manager,107364,2011-10-06,3,6,90,1,37,High,Hybrid,540
1553,Employee_1553,Finance,Manager,113445,2022-11-25,3,11,5,4,27,High,On-Site,554
1554,Employee_1554,Sales,Analyst,118645,2010-07-14,4,1,90,2,47,Low,Hybrid,504
1555,Employee_1555,Sales,Executive,42023,2020-12-10,4,10,8,2,37,Medium,Remote,558
1556,Employee_1556,Sales,Executive,99796,2011-05-04,3,13,56,3,30,Medium,Hybrid,579
1557,Employee_1557,Operations,Coordinator,104429,2016-01-14,3,12,30,4,13,Low,On-Site,517
1558,Employee_1558,Sales,Coordinator,101627,2017-04-11,2,6,20,4,32,High,Remote,548
1559,Employee_1559,Marketing,Analyst,73848,2018-12-21,4,4,89,3,8,Medium,On-Site,581
1560,Employee_1560,HR,Analyst,77804,2013-01-07,4,13,39,3,26,High,Hybrid,564
1561,Employee_1561,IT,Specialist,55379,2013-05-26,2,5,44,1,23,Medium,Hybrid,582
1562,Employee_1562,Sales,Coordinator,99664,2011-05-31,1,7,76,1,12,Medium,On-Site,553
1563,Employee_1563,Finance,Manager,67766,2011-01-28,4,9,48,2,25,Medium,Hybrid,560
1564,Employee_1564,Sales,Executive,108099,2011-09-23,4,12,86,2,28,Medium,On-Site,507
1565,Employee_1565,Finance,Analyst,76060,2020-03-05,1,13,19,2,48,High,Hybrid,502
1566,Employee_1566,Marketing,Executive,109122,2015-01-22,4,11,91,2,42,High,On-Site,524
1567,Employee_1567,Finance,Executive,56087,2017-04-09,4,3,16,1,27,High,On-Site,568
1568,Employee_1568,IT,Specialist,88868,2012-09-06,1,12,27,4,27,High,Remote,554
1569,Employee_1569,HR,Coordinator,63225,2022-05-27,1,6,40,2,7,Low,Remote,539
1570,Employee_1570,Finance,Analyst,46643,2019-04-26,3,5,65,4,22,Medium,On-Site,582
1571,Employee_1571,Finance,Executive,76727,2020-08-07,2,9,24,2,28,Medium,Hybrid,581
1572,Employee_1572,HR,Analyst,51005,2010-10-05,2,1,57,3,4,Medium,Hybrid,549
1573,Employee_1573,IT,Manager,105697,2010-08-21,1,14,40,2,41,Low,Hybrid,594
1574,Employee_1574,Sales,Specialist,56029,2014-04-02,1,7,5,2,6,High,On-Site,532
1575,Employee_1575,Finance,Manager,54226,2018-12-15,4,9,74,2,41,Medium,On-Site,517
1576,Employee_1576,HR,Analyst,103646,2016-08-06,3,8,37,1,35,High,On-Site,556
1577,Employee_1577,Marketing,Analyst,100603,2019-08-14,3,4,5,3,40,High,On-Site,515
1578,Employee_1578,HR,Coordinator,68731,2010-01-26,1,9,44,2,26,Low,Remote,579
1579,Employee_1579,Marketing,Executive,108926,2011-04-06,4,3,74,2,45,Low,On-Site,537
1580,Employee_1580,IT,Executive,45997,2020-04-22,4,5,13,4,1,High,Hybrid,540
1581,Employee_1581,Sales,Manager,95506,2019-05-25,2,7,65,3,24,Medium,Remote,506
1582,Employee_1582,HR,Specialist,118229,2019-07-16,2,10,39,2,8,Medium,Hybrid,577
1583,Employee_1583,Operations,Executive,89815,2015-06-18,4,14,2,4,26,Low,On-Site,552
1584,Employee_1584,Finance,Coordinator,82092,2011-05-06,2,2,98,4,0,Low,Remote,562
1585,Employee_1585,IT,Manager,102539,2012-12-08,1,9,96,1,22,Low,On-Site,588
1586,Employee_1586,HR,Manager,106077,2018-09-09,4,10,23,4,9,Low,Remote,531
1587,Employee_1587,Finance,Coordinator,61817,2010-08-04,2,10,18,2,41,Low,Hybrid,537
1588,Employee_1588,HR,Specialist,77861,2014-09-20,3,0,17,1,24,Low,On-Site,521
1589,Employee_1589,Marketing,Coordinator,53428,2014-05-12,4,3,63,1,2,Low,On-Site,515
1590,Employee_1590,HR,Specialist,83934,2017-02-19,4,14,87,2,5,Medium,Remote,551
1591,Employee_1591,Operations,Coordinator,50258,2010-06-08,3,3,34,3,5,Low,Remote,528
1592,Employee_1592,HR,Coordinator,97775,2019-01-27,1,0,61,4,1,Low,On-Site,515
1593,Employee_1593,HR,Analyst,45469,2017-10-12,3,8,0,1,17,Medium,Remote,575
1594,Employee_1594,Operations,Manager,68854,2014-11-12,4,2,99,3,22,Medium,On-Site,516
1595,Employee_1595,IT,Coordinator,46256,2015-08-15,1,4,24,2,1,High,Remote,563
1596,Employee_1596,HR,Coordinator,116256,2016-04-14,2,5,44,4,11,Low,Hybrid,590
1597,Employee_1597,Operations,Executive,73937,2014-08-24,2,7,48,4,21,Low,Remote,588
1598,Employee_1598,Finance,Manager,41651,2018-03-13,2,5,97,1,36,Low,Hybrid,512
1599,Employee_1599,Marketing,Executive,90288,2016-10-05,4,2,88,4,19,Low,Remote,571
1600,Employee_1600,Marketing,Manager,65051,2015-05-01,3,5,15,4,38,High,Remote,555
1601,Employee_1601,HR,Executive,67386,2020-06-06,1,0,97,4,23,Medium,On-Site,504
1602,Employee_1602,IT,Coordinator,115054,2017-08-15,2,3,92,4,47,Medium,Remote,511
1603,Employee_1603,IT,Coordinator,56184,2019-12-24,1,5,18,2,19,Low,Remote,540
1604,Employee_1604,Finance,Analyst,73787,2016-11-05,4,6,22,3,0,Low,Hybrid,502
1605,Employee_1605,HR,Executive,61621,2019-12-25,2,10,82,2,0,Low,Remote,598
1606,Employee_1606,Marketing,Specialist,115564,2017-03-30,4,12,24,2,16,High,On-Site,532
1607,Employee_1607,IT,Analyst,117984,2016-06-07,3,10,15,1,0,High,Hybrid,585
1608,Employee_1608,HR,Executive,99792,2015-04-17,4,9,53,4,44,Medium,On-Site,549
1609,Employee_1609,IT,Executive,85253,2019-01-08,4,2,72,2,29,Low,On-Site,555
1610,Employee_1610,Operations,Analyst,74051,2014-10-24,3,8,0,4,40,Low,On-Site,508
1611,Employee_1611,IT,Coordinator,89811,2013-01-21,1,11,41,2,46,Low,On-Site,581
1612,Employee_1612,Marketing,Executive,70447,2017-01-11,3,11,18,2,2,Low,Hybrid,549
1613,Employee_1613,Sales,Coordinator,70254,2019-08-01,3,6,96,1,45,High,Remote,528
1614,Employee_1614,Finance,Analyst,97418,2011-05-08,4,13,33,3,10,Medium,On-Site,538
1615,Employee_1615,Finance,Coordinator,54472,2019-01-20,1,0,79,3,23,Medium,Hybrid,590
1616,Employee_1616,Marketing,Manager,43471,2011-09-12,2,1,54,2,21,High,On-Site,599
1617,Employee_1617,IT,Specialist,48329,2018-11-07,3,0,17,1,43,Low,Remote,544
1618,Employee_1618,HR,Executive,74865,2020-06-20,1,10,33,4,44,Medium,Hybrid,516
1619,Employee_1619,IT,Specialist,86850,2016-07-08,3,8,88,4,25,Medium,Hybrid,555
1620,Employee_1620,Marketing,Coordinator,94220,2014-03-27,3,8,44,2,12,High,Remote,597
1621,Employee_1621,Finance,Executive,46397,2019-10-04,3,6,5,3,0,Low,Hybrid,545
1622,Employee_1622,IT,Coordinator,75525,2014-05-25,3,9,20,1,23,Medium,Remote,566
1623,Employee_1623,Finance,Manager,93072,2020-04-10,4,2,69,3,9,Low,Hybrid,568
1624,Employee_1624,HR,Analyst,63284,2022-10-20,1,12,95,4,34,Medium,Hybrid,513
1625,Employee_1625,Finance,Executive,101330,2015-03-06,1,14,47,3,23,High,Remote,566
1626,Employee_1626,Finance,Manager,65122,2013-06-29,1,4,38,4,27,Low,Remote,522
1627,Employee_1627,Sales,Manager,110553,2017-07-06,3,14,30,1,35,High,Hybrid,593
1628,Employee_1628,Sales,Executive,102812,2016-10-29,4,3,9,1,15,Medium,Hybrid,560
1629,Employee_1629,Operations,Coordinator,47999,2010-12-23,3,6,29,2,39,High,Remote,522
1630,Employee_1630,Sales,Manager,62436,2012-05-19,3,13,17,2,15,High,Remote,526
1631,Employee_1631,Finance,Specialist,82963,2012-06-04,1,8,59,3,16,High,Hybrid,553
1632,Employee_1632,Marketing,Manager,42096,2015-06-25,3,11,87,1,14,Medium,Hybrid,509
1633,Employee_1633,Finance,Coordinator,65279,2013-07-07,2,1,72,1,15,Low,Hybrid,588
1634,Employee_1634,Marketing,Coordinator,66201,2011-09-12,3,12,94,2,14,High,Remote,576
1635,Employee_1635,Marketing,Specialist,59715,2012-06-01,2,7,14,4,33,Low,Hybrid,515
1636,Employee_1636,Sales,Manager,69309,2012-03-07,3,14,3,3,10,Medium,On-Site,540
1637,Employee_1637,IT,Coordinator,55078,2019-12-22,4,8,62,3,0,Low,Remote,597
1638,Employee_1638,HR,Executive,96614,2019-05-19,4,9,39,2,14,High,Hybrid,554
1639,Employee_1639,Sales,Analyst,45105,2013-07-20,1,13,8,1,25,High,Remote,560
1640,Employee_1640,Sales,Analyst,42839,2022-11-28,3,9,8,2,3,High,On-Site,585
1641,Employee_1641,IT,Analyst,108920,2010-09-02,2,8,25,2,42,High,Remote,580
1642,Employee_1642,HR,Manager,83619,2017-12-05,2,13,3,2,4,High,Hybrid,586
1643,Employee_1643,Finance,Specialist,82821,2012-07-18,3,9,80,2,34,High,On-Site,599
1644,Employee_1644,Operations,Coordinator,53493,2011-06-04,2,13,15,4,12,Medium,On-Site,548
1645,Employee_1645,Operations,Executive,57069,2018-10-18,4,6,14,4,9,Medium,Hybrid,572
1646,Employee_1646,Finance,Executive,47531,2016-08-06,2,14,98,1,10,Medium,Hybrid,551
1647,Employee_1647,Sales,Manager,77051,2010-01-08,1,8,51,2,17,Low,Hybrid,501
1648,Employee_1648,HR,Analyst,47736,2016-11-30,4,8,68,4,33,Low,Remote,595
1649,Employee_1649,Sales,Manager,47710,2019-05-17,4,13,4,1,38,Medium,Remote,549
1650,Employee_1650,Marketing,Specialist,107155,2015-07-13,4,2,19,2,40,Low,Remote,585
1651,Employee_1651,Sales,Specialist,53975,2022-07-27,3,3,78,3,41,Low,Hybrid,542
1652,Employee_1652,Sales,Coordinator,102424,2021-09-22,3,1,17,4,49,High,Hybrid,576
1653,Employee_1653,Finance,Coordinator,85603,2020-01-16,4,9,1,1,22,High,Remote,507
1654,Employee_1654,Finance,Specialist,63252,2020-01-20,3,2,92,3,6,Low,On-Site,558
1655,Employee_1655,Finance,Specialist,41431,2017-09-02,2,10,12,2,38,Low,Remote,564
1656,Employee_1656,Operations,Specialist,114603,2010-03-27,3,10,3,2,2,Medium,On-Site,580
1657,Employee_1657,Marketing,Manager,77481,2018-07-13,3,4,41,2,11,Low,Hybrid,511
1658,Employee_1658,Finance,Specialist,49557,2021-08-03,4,4,73,4,6,High,Hybrid,503
1659,Employee_1659,HR,Executive,114971,2016-10-04,1,5,60,1,48,Low,Remote,576
1660,Employee_1660,Operations,Analyst,40162,2019-11-29,1,12,94,3,25,Medium,Remote,594
1661,Employee_1661,IT,Specialist,74742,2014-06-25,1,6,7,1,32,High,Hybrid,540
1662,Employee_1662,HR,Analyst,59675,2019-10-24,2,6,66,4,36,High,Remote,506
1663,Employee_1663,HR,Manager,113997,2020-12-23,3,0,62,1,47,High,Hybrid,586
1664,Employee_1664,Finance,Analyst,57015,2019-02-09,1,13,8,4,14,High,Hybrid,587
1665,Employee_1665,IT,Manager,90057,2016-01-28,4,1,93,2,1,Low,On-Site,568
1666,Employee_1666,IT,Executive,72591,2016-01-27,1,11,10,3,40,Medium,Remote,568
1667,Employee_1667,Operations,Manager,49833,2016-06-27,1,8,98,2,6,Low,Hybrid,580
1668,Employee_1668,IT,Manager,47896,2019-12-18,3,9,41,1,31,Low,Remote,529
1669,Employee_1669,Marketing,Coordinator,72972,2016-11-08,3,1,12,2,3,High,On-Site,572
1670,Employee_1670,Finance,Specialist,89733,2012-08-01,3,5,35,3,19,Medium,On-Site,505
1671,Employee_1671,IT,Specialist,81800,2017-10-08,2,10,12,2,49,High,Remote,588
1672,Employee_1672,Operations,Executive,45347,2017-04-14,2,10,11,3,35,Low,Remote,518
1673,Employee_1673,Marketing,Executive,99063,2018-01-15,1,0,36,3,31,Low,Hybrid,579
1674,Employee_1674,Sales,Specialist,42643,2022-03-03,3,2,73,2,27,High,On-Site,584
1675,Employee_1675,Sales,Coordinator,80785,2020-10-22,1,1,72,4,12,Low,On-Site,565
1676,Employee_1676,Marketing,Specialist,58681,2014-08-04,4,2,51,1,0,Low,On-Site,509
1677,Employee_1677,Operations,Coordinator,90026,2013-04-11,4,4,70,4,34,High,Remote,515
1678,Employee_1678,Marketing,Executive,55892,2021-03-29,3,10,1,4,47,Low,Hybrid,536
1679,Employee_1679,Finance,Analyst,87299,2017-08-19,3,9,55,2,29,Medium,Remote,578
1680,Employee_1680,Finance,Executive,57073,2014-01-01,4,5,59,1,35,High,Remote,576
1681,Employee_1681,Sales,Executive,70682,2019-02-01,3,8,22,1,24,Medium,Remote,576
1682,Employee_1682,IT,Manager,54289,2011-10-29,2,11,39,4,15,Low,Hybrid,531
1683,Employee_1683,Operations,Manager,47927,2015-12-17,2,10,63,2,18,Low,Remote,546
1684,Employee_1684,Sales,Manager,88330,2020-04-01,3,14,84,1,0,High,On-Site,571
1685,Employee_1685,IT,Manager,106707,2011-08-24,4,14,22,4,4,Low,On-Site,542
1686,Employee_1686,IT,Coordinator,117454,2017-04-06,1,9,28,1,21,High,On-Site,581
1687,Employee_1687,Finance,Specialist,105428,2022-02-09,3,11,77,2,23,High,Hybrid,535
1688,Employee_1688,HR,Analyst,90601,2020-06-21,3,11,89,2,42,High,Remote,525
1689,Employee_1689,HR,Executive,117465,2020-09-11,1,12,50,2,44,High,Hybrid,509
1690,Employee_1690,Marketing,Coordinator,42539,2012-09-06,3,3,68,1,36,High,Remote,530
1691,Employee_1691,Finance,Analyst,62669,2016-09-17,1,6,94,3,35,Medium,On-Site,596
1692,Employee_1692,IT,Coordinator,110968,2011-09-21,4,5,88,1,35,High,Remote,528
1693,Employee_1693,Operations,Coordinator,60644,2014-06-18,2,1,30,3,3,Medium,Remote,504
1694,Employee_1694,HR,Executive,58745,2020-02-14,4,9,49,2,35,Low,Remote,576
1695,Employee_1695,IT,Specialist,68228,2019-05-24,2,10,19,4,17,High,Hybrid,500
1696,Employee_1696,HR,Manager,74521,2020-01-23,1,10,54,3,49,Low,Remote,586
1697,Employee_1697,HR,Specialist,66928,2020-10-04,2,10,80,2,15,High,Remote,502
1698,Employee_1698,HR,Executive,58322,2017-07-28,4,14,1,2,40,Medium,Remote,566
1699,Employee_1699,Operations,Executive,97714,2021-12-18,2,14,24,3,17,Medium,Hybrid,570
1700,Employee_1700,Finance,Executive,102292,2010-04-26,1,7,12,4,21,Medium,Hybrid,599
1701,Employee_1701,Operations,Analyst,69055,2015-06-27,2,6,91,2,1,Low,Hybrid,534
1702,Employee_1702,Sales,Specialist,82891,2011-11-24,3,14,69,3,20,High,Remote,514
1703,Employee_1703,IT,Specialist,46588,2018-08-29,4,14,66,4,35,Low,On-Site,566
1704,Employee_1704,Finance,Coordinator,46304,2013-01-10,3,6,57,4,43,Medium,On-Site,592
1705,Employee_1705,Finance,Coordinator,47345,2018-03-28,1,13,98,2,38,Low,On-Site,529
1706,Employee_1706,Finance,Coordinator,69300,2015-12-02,2,14,81,1,46,Medium,Remote,581
1707,Employee_1707,Finance,Executive,64259,2010-06-03,3,7,74,1,38,Medium,On-Site,574
1708,Employee_1708,Operations,Specialist,55352,2020-02-17,3,11,83,2,28,Medium,On-Site,542
1709,Employee_1709,Finance,Executive,73365,2022-01-28,2,11,63,4,25,High,On-Site,559
1710,Employee_1710,Marketing,Analyst,59446,2020-05-14,2,12,68,2,20,High,Remote,539
1711,Employee_1711,IT,Coordinator,42336,2012-11-30,4,13,82,3,16,Medium,On-Site,564
1712,Employee_1712,Finance,Executive,102032,2021-07-02,3,10,85,1,15,Low,On-Site,528
1713,Employee_1713,IT,Executive,115415,2015-03-29,3,0,58,3,30,Low,Remote,573
1714,Employee_1714,Marketing,Analyst,47521,2013-05-01,1,14,59,2,8,High,Hybrid,591
1715,Employee_1715,Marketing,Manager,111707,2016-07-29,4,12,82,2,30,Medium,On-Site,594
1716,Employee_1716,IT,Specialist,63481,2014-11-08,1,0,61,4,13,Low,Hybrid,518
1717,Employee_1717,HR,Manager,58474,2015-05-15,3,7,15,4,48,Medium,On-Site,502
1718,Employee_1718,Sales,Coordinator,86760,2017-08-12,1,3,87,4,36,Low,Remote,535
1719,Employee_1719,HR,Executive,95718,2022-12-30,3,4,67,3,1,High,Hybrid,542
1720,Employee_1720,HR,Analyst,84629,2017-11-11,3,7,14,4,47,Medium,Hybrid,514
1721,Employee_1721,Operations,Analyst,85232,2011-10-23,1,4,88,2,45,Medium,Hybrid,596
1722,Employee_1722,HR,Specialist,107169,2017-03-20,1,9,54,4,13,Low,Hybrid,540
1723,Employee_1723,Finance,Manager,90669,2016-05-18,2,3,34,1,32,Low,On-Site,589
1724,Employee_1724,Operations,Specialist,118021,2020-10-29,2,11,54,4,34,Low,On-Site,579
1725,Employee_1725,Operations,Executive,109184,2016-09-16,2,5,13,3,38,Medium,Hybrid,535
1726,Employee_1726,Marketing,Specialist,87945,2013-02-06,3,12,48,1,46,High,On-Site,596
1727,Employee_1727,HR,Analyst,53140,2011-12-01,1,14,82,1,19,High,Hybrid,583
1728,Employee_1728,Marketing,Analyst,54357,2015-08-01,4,11,99,1,1,Low,Hybrid,576
1729,Employee_1729,IT,Coordinator,108673,2022-09-22,3,4,6,3,40,High,Remote,532
1730,Employee_1730,Sales,Coordinator,105633,2022-04-28,4,13,29,2,18,Low,Hybrid,504
1731,Employee_1731,Operations,Executive,116943,2022-06-24,1,6,82,4,36,High,On-Site,577
1732,Employee_1732,IT,Manager,118258,2015-12-20,3,13,48,1,17,Medium,Hybrid,590
1733,Employee_1733,IT,Specialist,52924,2017-10-09,4,9,88,1,15,Low,Remote,586
1734,Employee_1734,Finance,Executive,109286,2012-05-23,4,6,15,1,3,High,On-Site,513
1735,Employee_1735,Sales,Coordinator,114071,2010-03-25,2,12,50,2,11,Medium,Remote,567
1736,Employee_1736,IT,Specialist,97326,2013-11-23,2,3,71,2,28,High,Remote,582
1737,Employee_1737,IT,Coordinator,70651,2017-04-29,2,11,81,3,6,Medium,Hybrid,546
1738,Employee_1738,Sales,Specialist,110202,2018-09-16,3,12,91,2,13,Medium,Remote,553
1739,Employee_1739,Sales,Manager,88777,2021-10-26,1,4,79,4,11,High,Remote,503
1740,Employee_1740,IT,Executive,56994,2020-11-19,1,12,82,3,34,High,On-Site,593
1741,Employee_1741,Sales,Specialist,107263,2013-10-23,2,2,41,3,4,Medium,Remote,582
1742,Employee_1742,IT,Analyst,99634,2018-10-24,2,14,16,4,16,Medium,Hybrid,594
1743,Employee_1743,IT,Analyst,50800,2021-07-09,2,3,62,4,41,Medium,Hybrid,594
1744,Employee_1744,Finance,Specialist,77823,2011-09-07,4,14,44,4,31,Low,Hybrid,508
1745,Employee_1745,HR,Specialist,103878,2018-02-19,2,13,76,3,9,Medium,Remote,552
1746,Employee_1746,IT,Specialist,58708,2019-10-06,4,3,6,3,42,Low,On-Site,576
1747,Employee_1747,Marketing,Analyst,52819,2019-10-17,1,2,26,3,16,Medium,Hybrid,577
1748,Employee_1748,Operations,Analyst,114905,2022-07-07,3,12,9,4,4,Low,Remote,559
1749,Employee_1749,HR,Specialist,103870,2010-09-28,3,9,33,4,44,Medium,Hybrid,545
1750,Employee_1750,HR,Coordinator,49283,2021-02-18,3,4,35,1,41,Medium,Hybrid,553
1751,Employee_1751,HR,Coordinator,70573,2016-10-04,3,4,24,2,8,Medium,On-Site,573
1752,Employee_1752,Finance,Manager,118707,2013-10-22,4,10,5,1,48,High,Hybrid,594
1753,Employee_1753,IT,Executive,70933,2019-03-09,4,6,23,4,32,High,On-Site,536
1754,Employee_1754,Finance,Coordinator,45774,2021-04-28,2,3,17,3,35,Medium,Remote,522
1755,Employee_1755,IT,Analyst,112055,2019-11-17,4,12,86,4,35,Low,Hybrid,526
1756,Employee_1756,Finance,Coordinator,50983,2017-01-27,2,3,5,2,17,Low,Remote,569
1757,Employee_1757,Finance,Manager,58133,2021-02-25,2,8,28,1,8,Medium,Remote,589
1758,Employee_1758,Operations,Manager,54939,2018-06-03,3,5,24,1,28,High,Remote,565
1759,Employee_1759,Marketing,Executive,40781,2020-09-11,4,14,54,3,49,Low,Hybrid,560
1760,Employee_1760,Finance,Coordinator,96700,2010-10-17,4,3,80,1,13,High,On-Site,576
1761,Employee_1761,Operations,Analyst,67624,2016-10-16,2,1,45,1,24,Low,Hybrid,550
1762,Employee_1762,Sales,Analyst,46823,2018-11-27,2,5,23,4,14,Medium,Remote,549
1763,Employee_1763,Marketing,Specialist,58489,2010-10-06,1,1,74,1,5,High,On-Site,518
1764,Employee_1764,Finance,Analyst,79961,2018-01-03,1,4,25,1,41,Low,Remote,500
1765,Employee_1765,HR,Executive,69118,2011-08-04,2,5,97,1,28,Medium,On-Site,539
1766,Employee_1766,Sales,Executive,62263,2010-09-11,1,3,27,3,14,Medium,Hybrid,531
1767,Employee_1767,Sales,Analyst,53565,2021-09-16,1,13,2,3,28,Medium,On-Site,521
1768,Employee_1768,Operations,Analyst,60354,2012-04-04,2,12,74,4,3,High,Hybrid,592
1769,Employee_1769,Sales,Specialist,82951,2020-06-29,2,2,37,1,17,High,Remote,565
1770,Employee_1770,Marketing,Analyst,63648,2011-12-01,4,6,60,3,49,Medium,On-Site,539
1771,Employee_1771,Finance,Specialist,90729,2013-10-12,2,1,77,3,48,High,Remote,537
1772,Employee_1772,Finance,Specialist,81971,2020-09-01,2,12,50,4,43,Low,On-Site,547
1773,Employee_1773,HR,Analyst,58658,2014-08-01,3,10,89,2,38,Medium,Hybrid,554
1774,Employee_1774,Operations,Manager,61253,2017-06-20,4,13,47,1,15,Medium,On-Site,574
1775,Employee_1775,HR,Manager,104166,2018-08-23,4,5,20,3,10,High,On-Site,580
1776,Employee_1776,Sales,Specialist,88563,2019-04-12,4,12,53,4,13,Medium,Hybrid,554
1777,Employee_1777,HR,Analyst,66390,2021-10-17,3,3,55,4,2,Low,Hybrid,550
1778,Employee_1778,Marketing,Manager,91578,2011-01-19,2,5,93,4,49,High,Hybrid,559
1779,Employee_1779,Finance,Analyst,119025,2010-12-08,4,3,58,3,41,High,On-Site,507
1780,Employee_1780,Sales,Analyst,72658,2015-06-11,4,3,71,1,37,Medium,Remote,585
1781,Employee_1781,HR,Analyst,46852,2021-02-11,1,14,50,2,44,Medium,On-Site,567
1782,Employee_1782,Operations,Coordinator,42551,2018-07-07,4,3,19,1,41,Medium,On-Site,574
1783,Employee_1783,Marketing,Analyst,111947,2021-03-06,2,8,95,4,17,High,Remote,571
1784,Employee_1784,Marketing,Coordinator,101001,2022-05-13,2,6,85,4,19,Medium,Hybrid,508
1785,Employee_1785,HR,Specialist,89159,2017-08-30,1,2,58,2,47,Low,On-Site,589
1786,Employee_1786,Finance,Manager,91707,2018-11-15,4,2,70,1,24,Medium,Remote,501
1787,Employee_1787,HR,Manager,73243,2015-06-12,4,5,8,4,37,Medium,Hybrid,579
1788,Employee_1788,Sales,Manager,61800,2019-05-08,4,5,0,4,12,High,Hybrid,594
1789,Employee_1789,HR,Manager,115939,2015-01-24,3,3,28,1,3,Medium,On-Site,569
1790,Employee_1790,Marketing,Manager,97828,2010-11-02,4,14,62,4,13,High,Hybrid,584
1791,Employee_1791,HR,Manager,47239,2019-11-23,2,14,71,1,32,Medium,Hybrid,589
1792,Employee_1792,Finance,Manager,46710,2017-07-12,2,8,55,4,27,Low,Remote,558
1793,Employee_1793,Operations,Specialist,61384,2013-02-09,3,3,67,1,36,Low,Remote,518
1794,Employee_1794,IT,Analyst,61038,2010-07-25,3,8,34,2,7,High,Hybrid,527
1795,Employee_1795,HR,Executive,80846,2022-07-28,4,3,2,4,43,High,Remote,571
1796,Employee_1796,Finance,Coordinator,107821,2019-06-13,1,1,6,2,33,Medium,Hybrid,513
1797,Employee_1797,Finance,Executive,77991,2020-06-08,3,1,26,4,43,Medium,On-Site,523
1798,Employee_1798,Operations,Executive,119057,2019-12-02,3,4,0,4,4,Low,Remote,543
1799,Employee_1799,Marketing,Analyst,46971,2019-11-09,4,3,90,3,4,Medium,Hybrid,555
1800,Employee_1800,Finance,Analyst,69139,2016-12-26,4,6,79,1,30,Low,Hybrid,589
1801,Employee_1801,Finance,Analyst,117067,2021-10-18,3,13,70,2,44,High,Remote,594
1802,Employee_1802,Finance,Manager,77711,2010-11-06,1,10,43,2,8,Medium,Remote,550
1803,Employee_1803,Finance,Specialist,46530,2017-06-01,3,4,86,2,41,High,On-Site,531
1804,Employee_1804,Sales,Manager,51116,2015-06-15,4,5,40,1,31,Medium,Hybrid,549
1805,Employee_1805,Sales,Specialist,105794,2010-09-29,4,9,74,3,32,Low,On-Site,540
1806,Employee_1806,Marketing,Specialist,40282,2019-12-22,3,3,41,2,2,High,On-Site,565
1807,Employee_1807,HR,Executive,119473,2021-03-10,1,12,32,1,29,High,On-Site,524
1808,Employee_1808,Finance,Executive,41898,2014-12-28,3,11,49,4,49,Medium,Remote,560
1809,Employee_1809,Operations,Specialist,44135,2018-12-18,3,1,62,2,11,High,On-Site,565
1810,Employee_1810,HR,Specialist,46629,2022-06-05,4,12,99,2,28,Low,Remote,541
1811,Employee_1811,Operations,Manager,105031,2021-11-28,1,9,36,3,2,High,Remote,564
1812,Employee_1812,HR,Manager,73380,2011-06-05,2,8,58,2,25,High,On-Site,535
1813,Employee_1813,Marketing,Executive,57071,2012-09-03,1,9,80,2,29,Medium,On-Site,575
1814,Employee_1814,Finance,Analyst,60074,2020-03-11,3,14,98,4,8,High,Hybrid,508
1815,Employee_1815,Finance,Specialist,107843,2019-09-22,3,6,47,1,25,Medium,On-Site,535
1816,Employee_1816,IT,Manager,79901,2021-03-29,3,3,4,1,1,Medium,Hybrid,591
1817,Employee_1817,Operations,Executive,51205,2017-08-05,1,2,47,3,2,High,On-Site,537
1818,Employee_1818,HR,Manager,95661,2016-12-27,4,9,95,4,45,Low,On-Site,532
1819,Employee_1819,HR,Specialist,45906,2017-10-03,3,13,2,1,3,Medium,On-Site,541
1820,Employee_1820,Sales,Specialist,42591,2020-09-12,3,14,46,4,24,High,On-Site,560
1821,Employee_1821,IT,Coordinator,102987,2010-06-02,1,2,61,1,12,Medium,Hybrid,545
1822,Employee_1822,Sales,Analyst,103370,2018-02-12,2,8,98,4,38,Low,Hybrid,585
1823,Employee_1823,Sales,Coordinator,94400,2017-12-26,2,4,13,3,43,Low,On-Site,588
1824,Employee_1824,Sales,Executive,65150,2017-09-01,4,12,62,2,34,Medium,On-Site,560
1825,Employee_1825,Operations,Manager,71852,2014-10-19,4,14,60,3,22,Low,Hybrid,517
1826,Employee_1826,Operations,Executive,82870,2017-02-23,3,2,30,1,8,High,Remote,569
1827,Employee_1827,Marketing,Specialist,92756,2020-08-11,1,14,94,3,1,High,Remote,581
1828,Employee_1828,Marketing,Coordinator,96481,2013-01-09,3,4,16,2,40,Medium,Remote,579
1829,Employee_1829,Sales,Coordinator,41283,2016-12-11,4,1,23,3,43,Low,Hybrid,514
1830,Employee_1830,IT,Coordinator,73691,2021-07-01,1,10,22,1,30,High,Hybrid,547
1831,Employee_1831,HR,Executive,41125,2020-07-21,1,3,81,1,43,High,Remote,571
1832,Employee_1832,Operations,Specialist,107065,2019-07-27,4,9,49,3,46,High,Remote,512
1833,Employee_1833,IT,Manager,66170,2015-03-30,2,1,77,2,1,Medium,On-Site,542
1834,Employee_1834,Finance,Manager,48438,2018-05-31,2,1,78,3,31,Medium,Hybrid,559
1835,Employee_1835,Operations,Executive,60095,2012-10-03,1,11,78,2,17,High,Hybrid,556
1836,Employee_1836,Operations,Coordinator,56154,2011-02-11,3,7,69,4,12,High,Remote,570
1837,Employee_1837,Marketing,Analyst,48004,2010-06-16,2,0,26,2,45,Low,Remote,516
1838,Employee_1838,HR,Executive,49752,2011-05-24,3,13,14,4,4,Low,Hybrid,549
1839,Employee_1839,HR,Executive,95426,2014-07-20,2,6,49,3,41,Low,On-Site,531
1840,Employee_1840,Finance,Specialist,66819,2020-01-13,2,4,35,2,43,Medium,Remote,521
1841,Employee_1841,Finance,Manager,64217,2019-07-22,3,14,7,4,9,High,Hybrid,554
1842,Employee_1842,Operations,Executive,72994,2011-11-12,4,10,78,4,42,Medium,Hybrid,556
1843,Employee_1843,Sales,Executive,55036,2016-11-29,2,7,2,4,24,High,On-Site,512
1844,Employee_1844,Marketing,Coordinator,117275,2015-10-22,2,0,61,1,33,Low,On-Site,546
1845,Employee_1845,Marketing,Coordinator,89416,2022-10-22,3,10,46,3,36,Low,Remote,586
1846,Employee_1846,Operations,Analyst,49587,2021-12-06,4,6,76,4,29,Low,Remote,561
1847,Employee_1847,IT,Specialist,40645,2013-09-25,2,4,97,2,6,Low,Remote,553
1848,Employee_1848,Sales,Analyst,70930,2013-08-24,2,3,87,4,5,High,Hybrid,528
1849,Employee_1849,Operations,Coordinator,70090,2016-04-11,4,6,95,1,2,Low,Remote,521
1850,Employee_1850,Sales,Manager,92142,2014-03-19,2,9,60,3,12,High,Hybrid,564
1851,Employee_1851,Sales,Coordinator,66475,2019-05-02,4,14,31,1,2,High,Remote,528
1852,Employee_1852,Sales,Specialist,58888,2011-07-15,4,1,93,1,25,Medium,On-Site,547
1853,Employee_1853,Operations,Coordinator,83732,2013-01-04,3,11,12,1,23,Low,On-Site,504
1854,Employee_1854,Marketing,Specialist,86305,2015-03-19,1,14,0,2,5,Low,Hybrid,534
1855,Employee_1855,Marketing,Specialist,86037,2010-06-24,4,0,33,3,42,Medium,On-Site,573
1856,Employee_1856,Sales,Specialist,49346,2015-11-27,3,0,61,3,48,High,Hybrid,582
1857,Employee_1857,IT,Specialist,40587,2016-02-09,1,10,78,2,41,Low,Hybrid,570
1858,Employee_1858,HR,Specialist,52763,2021-09-27,2,11,77,3,11,High,On-Site,545
1859,Employee_1859,Operations,Manager,99165,2021-05-23,1,0,92,1,48,Medium,Hybrid,534
1860,Employee_1860,HR,Analyst,109615,2020-09-25,4,14,97,3,35,High,On-Site,544
1861,Employee_1861,IT,Executive,76116,2014-02-06,4,11,81,2,1,Low,Remote,512
1862,Employee_1862,Operations,Analyst,65556,2020-07-21,4,4,70,1,10,High,Remote,509
1863,Employee_1863,Sales,Specialist,99042,2018-09-07,4,9,92,2,38,High,On-Site,565
1864,Employee_1864,Marketing,Manager,58099,2014-04-17,4,6,30,4,33,Low,On-Site,569
1865,Employee_1865,HR,Coordinator,85096,2013-02-25,3,1,63,1,25,Low,On-Site,571
1866,Employee_1866,Finance,Manager,111986,2011-01-04,4,9,24,1,17,High,On-Site,599
1867,Employee_1867,Finance,Specialist,53230,2010-02-12,3,7,37,3,20,High,Remote,524
1868,Employee_1868,IT,Manager,69009,2015-03-23,2,3,13,1,35,Medium,Hybrid,543
1869,Employee_1869,Sales,Manager,110969,2019-07-23,4,11,7,2,39,Low,Hybrid,559
1870,Employee_1870,HR,Specialist,73866,2016-12-10,4,2,90,3,45,High,Remote,546
1871,Employee_1871,Sales,Manager,116975,2021-06-05,1,9,53,4,43,Low,Hybrid,539
1872,Employee_1872,HR,Executive,81855,2017-11-13,2,10,1,2,21,Medium,Remote,506
1873,Employee_1873,IT,Executive,46416,2014-12-30,4,7,80,4,29,High,Hybrid,545
1874,Employee_1874,IT,Manager,112516,2013-07-17,4,1,77,4,49,High,On-Site,522
1875,Employee_1875,Finance,Coordinator,95915,2019-04-10,2,10,88,4,42,High,On-Site,582
1876,Employee_1876,Sales,Specialist,58058,2018-02-20,3,10,55,1,29,Low,On-Site,545
1877,Employee_1877,Operations,Executive,116637,2020-09-27,4,12,93,2,7,Medium,Remote,585
1878,Employee_1878,Finance,Coordinator,80718,2012-09-19,1,2,92,2,33,Low,Remote,512
1879,Employee_1879,Sales,Manager,72602,2016-07-14,4,11,83,1,46,High,Hybrid,520
1880,Employee_1880,Finance,Coordinator,114658,2016-02-19,1,2,84,3,8,Medium,Hybrid,500
1881,Employee_1881,Operations,Analyst,118112,2014-01-16,1,9,60,4,19,High,Hybrid,518
1882,Employee_1882,Marketing,Executive,98067,2019-05-01,4,10,21,2,39,High,Remote,559
1883,Employee_1883,Marketing,Manager,67516,2011-01-25,4,0,34,1,24,Low,Hybrid,532
1884,Employee_1884,Marketing,Specialist,41089,2012-09-26,1,5,15,4,18,High,On-Site,503
1885,Employee_1885,Marketing,Manager,77346,2022-08-26,2,1,49,3,4,Medium,Hybrid,502
1886,Employee_1886,HR,Specialist,114663,2015-01-30,2,0,42,3,10,High,On-Site,590
1887,Employee_1887,Marketing,Manager,50487,2011-10-21,4,1,16,4,14,High,Remote,551
1888,Employee_1888,Operations,Coordinator,40155,2017-07-26,3,11,79,3,7,Low,On-Site,598
1889,Employee_1889,IT,Coordinator,107494,2020-01-12,2,5,57,2,18,Medium,On-Site,527
1890,Employee_1890,IT,Coordinator,116229,2014-01-21,4,13,1,2,22,Low,On-Site,569
1891,Employee_1891,HR,Analyst,78547,2020-03-20,2,3,3,2,26,High,Remote,569
1892,Employee_1892,Marketing,Specialist,68795,2011-03-28,3,5,84,3,39,Low,Remote,554
1893,Employee_1893,Marketing,Coordinator,95296,2016-10-11,4,11,38,2,31,Low,Remote,556
1894,Employee_1894,Marketing,Analyst,61447,2018-10-28,3,8,97,1,25,Low,Remote,586
1895,Employee_1895,Finance,Specialist,76598,2014-03-18,4,12,93,2,26,Low,Hybrid,596
1896,Employee_1896,Sales,Manager,81814,2018-06-21,3,9,5,2,18,High,Remote,515
1897,Employee_1897,Finance,Analyst,115330,2012-06-01,2,11,80,3,49,High,On-Site,523
1898,Employee_1898,Sales,Executive,103278,2022-01-26,2,9,88,2,41,Medium,Remote,568
1899,Employee_1899,Marketing,Analyst,95077,2021-02-20,3,7,68,4,28,Low,Hybrid,540
1900,Employee_1900,Marketing,Analyst,111906,2017-01-10,3,0,68,1,38,Low,Hybrid,576
1901,Employee_1901,Finance,Specialist,49528,2018-12-22,3,12,19,3,40,Medium,Hybrid,546
1902,Employee_1902,Finance,Manager,90100,2011-01-10,4,7,63,1,32,Low,On-Site,575
1903,Employee_1903,Sales,Executive,48179,2022-06-13,2,8,15,4,18,Medium,Remote,568
1904,Employee_1904,IT,Coordinator,88781,2020-02-15,4,5,50,3,36,High,Remote,530
1905,Employee_1905,Sales,Coordinator,95267,2018-05-21,2,9,36,3,18,Medium,Remote,591
1906,Employee_1906,Finance,Analyst,63952,2022-11-04,1,14,72,2,32,Low,On-Site,591
1907,Employee_1907,Operations,Specialist,93798,2018-11-25,4,4,68,1,46,Medium,On-Site,529
1908,Employee_1908,Finance,Specialist,90939,2022-08-01,2,5,41,4,15,High,Hybrid,517
1909,Employee_1909,Operations,Coordinator,69516,2022-06-26,2,12,56,4,22,Low,Hybrid,543
1910,Employee_1910,HR,Executive,96526,2010-04-23,4,5,65,3,6,High,Remote,526
1911,Employee_1911,Finance,Manager,50449,2018-10-03,4,8,8,2,25,High,On-Site,598
1912,Employee_1912,HR,Executive,90290,2016-07-06,2,3,99,3,31,Medium,On-Site,525
1913,Employee_1913,IT,Manager,112954,2015-04-09,4,1,85,3,11,High,Remote,559
1914,Employee_1914,Sales,Coordinator,62746,2010-05-20,3,10,63,3,7,Low,Remote,517
1915,Employee_1915,Operations,Manager,107990,2013-11-25,4,10,85,3,4,High,Hybrid,596
1916,Employee_1916,Sales,Specialist,98810,2018-01-28,4,8,21,4,41,High,Hybrid,588
1917,Employee_1917,HR,Analyst,55223,2018-09-04,4,1,33,4,27,Medium,Hybrid,555
1918,Employee_1918,Operations,Analyst,112237,2011-06-01,2,9,54,3,4,High,Remote,530
1919,Employee_1919,Sales,Coordinator,42597,2017-03-01,3,8,28,3,48,Medium,Remote,558
1920,Employee_1920,Finance,Specialist,105677,2012-06-06,1,1,37,2,25,Medium,Hybrid,501
1921,Employee_1921,Marketing,Executive,42659,2018-07-02,1,11,96,3,4,Low,Hybrid,596
1922,Employee_1922,HR,Specialist,114567,2010-02-19,3,7,17,4,21,Low,On-Site,538
1923,Employee_1923,Sales,Analyst,55037,2020-10-26,3,8,70,1,14,Low,On-Site,560
1924,Employee_1924,HR,Analyst,86738,2019-10-01,3,11,64,4,12,Low,Hybrid,562
1925,Employee_1925,HR,Specialist,111678,2010-01-19,2,9,96,2,27,Medium,Hybrid,595
1926,Employee_1926,Operations,Specialist,52109,2014-01-13,1,8,0,4,32,High,On-Site,517
1927,Employee_1927,Operations,Analyst,62010,2021-02-13,3,9,87,1,42,Low,Hybrid,516
1928,Employee_1928,Marketing,Executive,48787,2017-02-19,2,8,3,3,22,Low,On-Site,597
1929,Employee_1929,Finance,Coordinator,48472,2011-03-28,1,1,3,1,32,Low,On-Site,538
1930,Employee_1930,HR,Coordinator,63383,2020-04-23,4,3,81,3,42,High,On-Site,570
1931,Employee_1931,Sales,Specialist,101709,2016-09-04,2,6,26,3,17,Low,Remote,553
1932,Employee_1932,IT,Coordinator,109785,2021-10-20,1,11,42,4,49,High,Remote,598
1933,Employee_1933,HR,Analyst,74518,2014-03-30,2,1,58,4,29,Medium,Hybrid,593
1934,Employee_1934,HR,Analyst,93909,2019-07-07,1,0,31,4,25,Medium,On-Site,575
1935,Employee_1935,Marketing,Specialist,58351,2010-05-08,1,2,32,2,15,Medium,Remote,534
1936,Employee_1936,Finance,Specialist,109624,2017-07-24,4,11,27,4,12,High,Hybrid,510
1937,Employee_1937,IT,Specialist,93330,2022-03-15,2,3,54,2,38,Low,Hybrid,560
1938,Employee_1938,Operations,Executive,55282,2022-10-09,3,7,99,4,32,Low,Hybrid,543
1939,Employee_1939,Operations,Coordinator,61778,2013-11-16,4,5,59,3,25,Low,Hybrid,567
1940,Employee_1940,Sales,Specialist,64264,2010-07-21,4,10,69,2,47,Low,Hybrid,524
1941,Employee_1941,IT,Manager,99675,2016-06-27,1,1,61,1,0,Low,On-Site,547
1942,Employee_1942,Operations,Manager,45075,2011-06-02,3,14,79,2,48,High,Hybrid,531
1943,Employee_1943,Sales,Analyst,115948,2013-09-03,2,8,33,2,37,Medium,On-Site,583
1944,Employee_1944,Finance,Coordinator,88454,2015-06-12,3,13,86,1,1,Low,Remote,594
1945,Employee_1945,Sales,Specialist,68365,2019-09-16,3,1,87,2,48,Medium,Hybrid,503
1946,Employee_1946,Operations,Manager,112766,2022-05-18,3,12,55,3,5,High,Remote,537
1947,Employee_1947,Marketing,Coordinator,88200,2020-05-30,3,14,12,4,45,High,On-Site,562
1948,Employee_1948,Marketing,Analyst,51002,2018-12-20,3,11,55,1,49,Low,On-Site,546
1949,Employee_1949,Marketing,Executive,53947,2020-01-03,1,4,17,4,37,High,Remote,500
1950,Employee_1950,Operations,Coordinator,119222,2016-08-31,1,11,53,3,41,Medium,Hybrid,502
1951,Employee_1951,Marketing,Coordinator,118610,2010-07-27,4,3,76,1,23,Low,Hybrid,585
1952,Employee_1952,IT,Executive,92142,2017-03-18,1,12,42,4,17,Low,Remote,561
1953,Employee_1953,Finance,Coordinator,96307,2021-04-10,4,6,38,4,26,Medium,Remote,563
1954,Employee_1954,Sales,Analyst,44493,2010-06-03,4,7,60,3,40,Low,Remote,516
1955,Employee_1955,Sales,Analyst,90085,2019-03-21,2,4,41,4,7,Low,Hybrid,577
1956,Employee_1956,Operations,Executive,74228,2021-10-24,3,9,80,3,27,Medium,Hybrid,561
1957,Employee_1957,Marketing,Specialist,119676,2014-02-27,1,13,78,2,9,Low,Hybrid,534
1958,Employee_1958,Marketing,Manager,91875,2017-02-13,2,13,17,3,16,Low,Remote,512
1959,Employee_1959,HR,Specialist,71655,2016-01-05,1,4,22,2,28,Medium,Hybrid,534
1960,Employee_1960,Finance,Coordinator,83472,2022-04-26,4,1,53,1,5,High,On-Site,542
1961,Employee_1961,IT,Manager,89437,2022-11-05,1,7,29,4,13,Medium,Remote,501
1962,Employee_1962,Sales,Executive,89416,2019-09-25,3,13,97,3,21,Low,Hybrid,555
1963,Employee_1963,HR,Executive,99711,2016-08-11,4,1,57,3,5,Medium,Remote,576
1964,Employee_1964,HR,Manager,46816,2017-10-20,4,9,67,4,25,Low,On-Site,550
1965,Employee_1965,Operations,Analyst,117175,2014-10-09,2,11,66,4,38,Low,On-Site,553
1966,Employee_1966,Sales,Manager,104307,2013-07-30,3,5,70,1,11,Medium,Remote,515
1967,Employee_1967,Operations,Coordinator,86733,2020-07-16,4,7,17,1,34,Low,Remote,517
1968,Employee_1968,IT,Analyst,51240,2021-05-31,3,5,6,3,13,High,On-Site,506
1969,Employee_1969,HR,Executive,111363,2022-07-13,1,3,39,1,21,Low,Remote,544
1970,Employee_1970,HR,Manager,72762,2022-09-30,3,12,69,2,22,Medium,On-Site,535
1971,Employee_1971,Finance,Specialist,48259,2021-06-27,4,3,85,1,47,High,On-Site,540
1972,Employee_1972,IT,Specialist,90139,2016-12-30,2,5,64,1,6,High,Hybrid,593
1973,Employee_1973,HR,Coordinator,54849,2016-04-24,4,13,67,3,39,Low,Remote,541
1974,Employee_1974,IT,Specialist,94869,2022-05-06,3,14,48,2,49,Medium,Remote,506
1975,Employee_1975,Sales,Manager,103095,2012-12-24,3,12,51,1,24,Low,Hybrid,514
1976,Employee_1976,Marketing,Manager,110910,2017-03-27,4,3,28,2,12,Low,On-Site,559
1977,Employee_1977,HR,Specialist,63567,2013-03-23,3,7,20,2,20,Medium,Remote,539
1978,Employee_1978,Finance,Manager,75292,2018-03-14,1,8,89,2,40,Medium,Hybrid,582
1979,Employee_1979,Sales,Coordinator,114813,2011-07-14,4,0,77,4,9,Low,Hybrid,536
1980,Employee_1980,IT,Analyst,91631,2018-02-12,2,12,8,4,8,High,Remote,565
1981,Employee_1981,Operations,Coordinator,49885,2013-06-25,4,3,46,4,14,Low,Hybrid,554
1982,Employee_1982,Sales,Coordinator,99659,2014-12-19,1,3,75,4,1,High,On-Site,576
1983,Employee_1983,HR,Manager,94306,2017-12-25,1,1,41,3,24,Low,Hybrid,594
1984,Employee_1984,IT,Analyst,106314,2011-09-02,1,5,50,1,12,Medium,On-Site,579
1985,Employee_1985,Marketing,Manager,105087,2016-09-27,1,2,55,4,33,High,On-Site,555
1986,Employee_1986,Sales,Executive,69165,2021-04-13,1,6,50,3,33,Medium,Remote,543
1987,Employee_1987,HR,Manager,98929,2010-10-11,2,12,69,1,34,Medium,Hybrid,556
1988,Employee_1988,Finance,Manager,107028,2018-01-07,3,10,19,4,37,Medium,On-Site,505
1989,Employee_1989,Operations,Manager,89812,2022-01-14,1,10,87,1,2,Medium,On-Site,591
1990,Employee_1990,IT,Analyst,90500,2012-12-27,1,4,26,4,41,Medium,Hybrid,531
1991,Employee_1991,Sales,Manager,119151,2012-03-27,4,3,37,3,5,Low,On-Site,573
1992,Employee_1992,Sales,Analyst,98643,2010-03-24,2,4,71,2,47,High,Hybrid,517
1993,Employee_1993,Marketing,Specialist,84900,2015-04-05,2,7,64,2,48,Low,Remote,567
1994,Employee_1994,Marketing,Executive,82946,2019-07-24,3,2,53,1,18,Low,On-Site,572
1995,Employee_1995,Finance,Analyst,47851,2018-08-11,2,13,23,3,2,Low,On-Site,506
1996,Employee_1996,Operations,Specialist,56288,2015-09-25,4,6,46,2,17,Medium,Hybrid,507
1997,Employee_1997,Finance,Analyst,112692,2022-11-27,4,14,70,4,38,Low,Hybrid,563
1998,Employee_1998,HR,Analyst,107580,2010-06-25,3,13,82,2,8,High,Hybrid,506
1999,Employee_1999,HR,Executive,47368,2017-05-28,4,5,85,1,11,Low,Hybrid,540
2000,Employee_2000,Finance,Coordinator,86403,2011-01-05,1,11,62,1,4,Medium,On-Site,539
